{
  "type": "GROUP",
"name": "Global Information",
"path": "",
"pathFormatted": "group_missing-name-b06d1",
"stats": {
    "name": "Global Information",
    "numberOfRequests": {
        "total": 106709,
        "ok": 106709,
        "ko": 0
    },
    "minResponseTime": {
        "total": 1001,
        "ok": 1001,
        "ko": 0
    },
    "maxResponseTime": {
        "total": 1728,
        "ok": 1728,
        "ko": 0
    },
    "meanResponseTime": {
        "total": 1012,
        "ok": 1012,
        "ko": 0
    },
    "standardDeviation": {
        "total": 21,
        "ok": 21,
        "ko": 0
    },
    "percentiles1": {
        "total": 1007,
        "ok": 1007,
        "ko": 0
    },
    "percentiles2": {
        "total": 1012,
        "ok": 1012,
        "ko": 0
    },
    "percentiles3": {
        "total": 1029,
        "ok": 1029,
        "ko": 0
    },
    "percentiles4": {
        "total": 1082,
        "ok": 1082,
        "ko": 0
    },
    "group1": {
    "name": "t < 800 ms",
    "count": 0,
    "percentage": 0
},
    "group2": {
    "name": "800 ms < t < 1200 ms",
    "count": 106482,
    "percentage": 100
},
    "group3": {
    "name": "t > 1200 ms",
    "count": 227,
    "percentage": 0
},
    "group4": {
    "name": "failed",
    "count": 0,
    "percentage": 0
},
    "meanNumberOfRequestsPerSecond": {
        "total": 586.3131868131868,
        "ok": 586.3131868131868,
        "ko": 0
    }
},
"contents": {
"req_get-http---loca-abe62": {
        "type": "REQUEST",
        "name": "GET http://localhost:8082",
"path": "GET http://localhost:8082",
"pathFormatted": "req_get-http---loca-abe62",
"stats": {
    "name": "GET http://localhost:8082",
    "numberOfRequests": {
        "total": 106709,
        "ok": 106709,
        "ko": 0
    },
    "minResponseTime": {
        "total": 1001,
        "ok": 1001,
        "ko": 0
    },
    "maxResponseTime": {
        "total": 1728,
        "ok": 1728,
        "ko": 0
    },
    "meanResponseTime": {
        "total": 1012,
        "ok": 1012,
        "ko": 0
    },
    "standardDeviation": {
        "total": 21,
        "ok": 21,
        "ko": 0
    },
    "percentiles1": {
        "total": 1007,
        "ok": 1007,
        "ko": 0
    },
    "percentiles2": {
        "total": 1012,
        "ok": 1012,
        "ko": 0
    },
    "percentiles3": {
        "total": 1029,
        "ok": 1029,
        "ko": 0
    },
    "percentiles4": {
        "total": 1082,
        "ok": 1082,
        "ko": 0
    },
    "group1": {
    "name": "t < 800 ms",
    "count": 0,
    "percentage": 0
},
    "group2": {
    "name": "800 ms < t < 1200 ms",
    "count": 106482,
    "percentage": 100
},
    "group3": {
    "name": "t > 1200 ms",
    "count": 227,
    "percentage": 0
},
    "group4": {
    "name": "failed",
    "count": 0,
    "percentage": 0
},
    "meanNumberOfRequestsPerSecond": {
        "total": 586.3131868131868,
        "ok": 586.3131868131868,
        "ko": 0
    }
}
    }
}

}