{
  "type": "GROUP",
"name": "Global Information",
"path": "",
"pathFormatted": "group_missing-name-b06d1",
"stats": {
    "name": "Global Information",
    "numberOfRequests": {
        "total": 89329,
        "ok": 89329,
        "ko": 0
    },
    "minResponseTime": {
        "total": 1004,
        "ok": 1004,
        "ko": 0
    },
    "maxResponseTime": {
        "total": 2296,
        "ok": 2296,
        "ko": 0
    },
    "meanResponseTime": {
        "total": 1210,
        "ok": 1210,
        "ko": 0
    },
    "standardDeviation": {
        "total": 112,
        "ok": 112,
        "ko": 0
    },
    "percentiles1": {
        "total": 1179,
        "ok": 1179,
        "ko": 0
    },
    "percentiles2": {
        "total": 1242,
        "ok": 1242,
        "ko": 0
    },
    "percentiles3": {
        "total": 1436,
        "ok": 1436,
        "ko": 0
    },
    "percentiles4": {
        "total": 1614,
        "ok": 1614,
        "ko": 0
    },
    "group1": {
    "name": "t < 800 ms",
    "count": 0,
    "percentage": 0
},
    "group2": {
    "name": "800 ms < t < 1200 ms",
    "count": 53442,
    "percentage": 60
},
    "group3": {
    "name": "t > 1200 ms",
    "count": 35887,
    "percentage": 40
},
    "group4": {
    "name": "failed",
    "count": 0,
    "percentage": 0
},
    "meanNumberOfRequestsPerSecond": {
        "total": 490.81868131868134,
        "ok": 490.81868131868134,
        "ko": 0
    }
},
"contents": {
"req_get-http---loca-f25da": {
        "type": "REQUEST",
        "name": "GET http://localhost:8083",
"path": "GET http://localhost:8083",
"pathFormatted": "req_get-http---loca-f25da",
"stats": {
    "name": "GET http://localhost:8083",
    "numberOfRequests": {
        "total": 89329,
        "ok": 89329,
        "ko": 0
    },
    "minResponseTime": {
        "total": 1004,
        "ok": 1004,
        "ko": 0
    },
    "maxResponseTime": {
        "total": 2296,
        "ok": 2296,
        "ko": 0
    },
    "meanResponseTime": {
        "total": 1210,
        "ok": 1210,
        "ko": 0
    },
    "standardDeviation": {
        "total": 112,
        "ok": 112,
        "ko": 0
    },
    "percentiles1": {
        "total": 1179,
        "ok": 1179,
        "ko": 0
    },
    "percentiles2": {
        "total": 1242,
        "ok": 1242,
        "ko": 0
    },
    "percentiles3": {
        "total": 1436,
        "ok": 1436,
        "ko": 0
    },
    "percentiles4": {
        "total": 1614,
        "ok": 1614,
        "ko": 0
    },
    "group1": {
    "name": "t < 800 ms",
    "count": 0,
    "percentage": 0
},
    "group2": {
    "name": "800 ms < t < 1200 ms",
    "count": 53442,
    "percentage": 60
},
    "group3": {
    "name": "t > 1200 ms",
    "count": 35887,
    "percentage": 40
},
    "group4": {
    "name": "failed",
    "count": 0,
    "percentage": 0
},
    "meanNumberOfRequestsPerSecond": {
        "total": 490.81868131868134,
        "ok": 490.81868131868134,
        "ko": 0
    }
}
    }
}

}