{
  "type": "GROUP",
"name": "Global Information",
"path": "",
"pathFormatted": "group_missing-name-b06d1",
"stats": {
    "name": "Global Information",
    "numberOfRequests": {
        "total": 17900,
        "ok": 17900,
        "ko": 0
    },
    "minResponseTime": {
        "total": 1001,
        "ok": 1001,
        "ko": 0
    },
    "maxResponseTime": {
        "total": 1137,
        "ok": 1137,
        "ko": 0
    },
    "meanResponseTime": {
        "total": 1006,
        "ok": 1006,
        "ko": 0
    },
    "standardDeviation": {
        "total": 6,
        "ok": 6,
        "ko": 0
    },
    "percentiles1": {
        "total": 1005,
        "ok": 1005,
        "ko": 0
    },
    "percentiles2": {
        "total": 1007,
        "ok": 1007,
        "ko": 0
    },
    "percentiles3": {
        "total": 1012,
        "ok": 1012,
        "ko": 0
    },
    "percentiles4": {
        "total": 1018,
        "ok": 1018,
        "ko": 0
    },
    "group1": {
    "name": "t < 800 ms",
    "count": 0,
    "percentage": 0
},
    "group2": {
    "name": "800 ms < t < 1200 ms",
    "count": 17900,
    "percentage": 100
},
    "group3": {
    "name": "t > 1200 ms",
    "count": 0,
    "percentage": 0
},
    "group4": {
    "name": "failed",
    "count": 0,
    "percentage": 0
},
    "meanNumberOfRequestsPerSecond": {
        "total": 98.89502762430939,
        "ok": 98.89502762430939,
        "ko": 0
    }
},
"contents": {
"req_get-http---loca-ff370": {
        "type": "REQUEST",
        "name": "GET http://localhost:8084",
"path": "GET http://localhost:8084",
"pathFormatted": "req_get-http---loca-ff370",
"stats": {
    "name": "GET http://localhost:8084",
    "numberOfRequests": {
        "total": 17900,
        "ok": 17900,
        "ko": 0
    },
    "minResponseTime": {
        "total": 1001,
        "ok": 1001,
        "ko": 0
    },
    "maxResponseTime": {
        "total": 1137,
        "ok": 1137,
        "ko": 0
    },
    "meanResponseTime": {
        "total": 1006,
        "ok": 1006,
        "ko": 0
    },
    "standardDeviation": {
        "total": 6,
        "ok": 6,
        "ko": 0
    },
    "percentiles1": {
        "total": 1005,
        "ok": 1005,
        "ko": 0
    },
    "percentiles2": {
        "total": 1007,
        "ok": 1007,
        "ko": 0
    },
    "percentiles3": {
        "total": 1012,
        "ok": 1012,
        "ko": 0
    },
    "percentiles4": {
        "total": 1018,
        "ok": 1018,
        "ko": 0
    },
    "group1": {
    "name": "t < 800 ms",
    "count": 0,
    "percentage": 0
},
    "group2": {
    "name": "800 ms < t < 1200 ms",
    "count": 17900,
    "percentage": 100
},
    "group3": {
    "name": "t > 1200 ms",
    "count": 0,
    "percentage": 0
},
    "group4": {
    "name": "failed",
    "count": 0,
    "percentage": 0
},
    "meanNumberOfRequestsPerSecond": {
        "total": 98.89502762430939,
        "ok": 98.89502762430939,
        "ko": 0
    }
}
    }
}

}