{
  "type": "GROUP",
"name": "Global Information",
"path": "",
"pathFormatted": "group_missing-name-b06d1",
"stats": {
    "name": "Global Information",
    "numberOfRequests": {
        "total": 121042,
        "ok": 121042,
        "ko": 0
    },
    "minResponseTime": {
        "total": 1002,
        "ok": 1002,
        "ko": 0
    },
    "maxResponseTime": {
        "total": 3134,
        "ok": 3134,
        "ko": 0
    },
    "meanResponseTime": {
        "total": 1041,
        "ok": 1041,
        "ko": 0
    },
    "standardDeviation": {
        "total": 103,
        "ok": 103,
        "ko": 0
    },
    "percentiles1": {
        "total": 1017,
        "ok": 1017,
        "ko": 0
    },
    "percentiles2": {
        "total": 1036,
        "ok": 1036,
        "ko": 0
    },
    "percentiles3": {
        "total": 1119,
        "ok": 1119,
        "ko": 0
    },
    "percentiles4": {
        "total": 1536,
        "ok": 1536,
        "ko": 0
    },
    "group1": {
    "name": "t < 800 ms",
    "count": 0,
    "percentage": 0
},
    "group2": {
    "name": "800 ms < t < 1200 ms",
    "count": 118091,
    "percentage": 98
},
    "group3": {
    "name": "t > 1200 ms",
    "count": 2951,
    "percentage": 2
},
    "group4": {
    "name": "failed",
    "count": 0,
    "percentage": 0
},
    "meanNumberOfRequestsPerSecond": {
        "total": 665.065934065934,
        "ok": 665.065934065934,
        "ko": 0
    }
},
"contents": {
"req_get-http---loca-ec05c": {
        "type": "REQUEST",
        "name": "GET http://localhost:8081",
"path": "GET http://localhost:8081",
"pathFormatted": "req_get-http---loca-ec05c",
"stats": {
    "name": "GET http://localhost:8081",
    "numberOfRequests": {
        "total": 121042,
        "ok": 121042,
        "ko": 0
    },
    "minResponseTime": {
        "total": 1002,
        "ok": 1002,
        "ko": 0
    },
    "maxResponseTime": {
        "total": 3134,
        "ok": 3134,
        "ko": 0
    },
    "meanResponseTime": {
        "total": 1041,
        "ok": 1041,
        "ko": 0
    },
    "standardDeviation": {
        "total": 103,
        "ok": 103,
        "ko": 0
    },
    "percentiles1": {
        "total": 1017,
        "ok": 1017,
        "ko": 0
    },
    "percentiles2": {
        "total": 1036,
        "ok": 1036,
        "ko": 0
    },
    "percentiles3": {
        "total": 1119,
        "ok": 1119,
        "ko": 0
    },
    "percentiles4": {
        "total": 1536,
        "ok": 1536,
        "ko": 0
    },
    "group1": {
    "name": "t < 800 ms",
    "count": 0,
    "percentage": 0
},
    "group2": {
    "name": "800 ms < t < 1200 ms",
    "count": 118091,
    "percentage": 98
},
    "group3": {
    "name": "t > 1200 ms",
    "count": 2951,
    "percentage": 2
},
    "group4": {
    "name": "failed",
    "count": 0,
    "percentage": 0
},
    "meanNumberOfRequestsPerSecond": {
        "total": 665.065934065934,
        "ok": 665.065934065934,
        "ko": 0
    }
}
    }
}

}