{
    "name": "Global Information",
    "numberOfRequests": {
        "total": 89867,
        "ok": 89867,
        "ko": 0
    },
    "minResponseTime": {
        "total": 1012,
        "ok": 1012,
        "ko": 0
    },
    "maxResponseTime": {
        "total": 3140,
        "ok": 3140,
        "ko": 0
    },
    "meanResponseTime": {
        "total": 2010,
        "ok": 2010,
        "ko": 0
    },
    "standardDeviation": {
        "total": 98,
        "ok": 98,
        "ko": 0
    },
    "percentiles1": {
        "total": 2005,
        "ok": 2005,
        "ko": 0
    },
    "percentiles2": {
        "total": 2010,
        "ok": 2010,
        "ko": 0
    },
    "percentiles3": {
        "total": 2038,
        "ok": 2038,
        "ko": 0
    },
    "percentiles4": {
        "total": 2328,
        "ok": 2327,
        "ko": 0
    },
    "group1": {
    "name": "t < 800 ms",
    "count": 0,
    "percentage": 0
},
    "group2": {
    "name": "800 ms < t < 1200 ms",
    "count": 240,
    "percentage": 0
},
    "group3": {
    "name": "t > 1200 ms",
    "count": 89627,
    "percentage": 100
},
    "group4": {
    "name": "failed",
    "count": 0,
    "percentage": 0
},
    "meanNumberOfRequestsPerSecond": {
        "total": 491.07650273224044,
        "ok": 491.07650273224044,
        "ko": 0
    }
}