{
    "name": "Global Information",
    "numberOfRequests": {
        "total": 35729,
        "ok": 35729,
        "ko": 0
    },
    "minResponseTime": {
        "total": 1002,
        "ok": 1002,
        "ko": 0
    },
    "maxResponseTime": {
        "total": 1103,
        "ok": 1103,
        "ko": 0
    },
    "meanResponseTime": {
        "total": 1008,
        "ok": 1008,
        "ko": 0
    },
    "standardDeviation": {
        "total": 7,
        "ok": 7,
        "ko": 0
    },
    "percentiles1": {
        "total": 1006,
        "ok": 1006,
        "ko": 0
    },
    "percentiles2": {
        "total": 1009,
        "ok": 1009,
        "ko": 0
    },
    "percentiles3": {
        "total": 1019,
        "ok": 1019,
        "ko": 0
    },
    "percentiles4": {
        "total": 1039,
        "ok": 1039,
        "ko": 0
    },
    "group1": {
    "name": "t < 800 ms",
    "count": 0,
    "percentage": 0
},
    "group2": {
    "name": "800 ms < t < 1200 ms",
    "count": 35729,
    "percentage": 100
},
    "group3": {
    "name": "t > 1200 ms",
    "count": 0,
    "percentage": 0
},
    "group4": {
    "name": "failed",
    "count": 0,
    "percentage": 0
},
    "meanNumberOfRequestsPerSecond": {
        "total": 197.3977900552486,
        "ok": 197.3977900552486,
        "ko": 0
    }
}