{
    "name": "Global Information",
    "numberOfRequests": {
        "total": 35766,
        "ok": 35766,
        "ko": 0
    },
    "minResponseTime": {
        "total": 1001,
        "ok": 1001,
        "ko": 0
    },
    "maxResponseTime": {
        "total": 1111,
        "ok": 1111,
        "ko": 0
    },
    "meanResponseTime": {
        "total": 1007,
        "ok": 1007,
        "ko": 0
    },
    "standardDeviation": {
        "total": 5,
        "ok": 5,
        "ko": 0
    },
    "percentiles1": {
        "total": 1006,
        "ok": 1006,
        "ko": 0
    },
    "percentiles2": {
        "total": 1008,
        "ok": 1008,
        "ko": 0
    },
    "percentiles3": {
        "total": 1013,
        "ok": 1013,
        "ko": 0
    },
    "percentiles4": {
        "total": 1024,
        "ok": 1024,
        "ko": 0
    },
    "group1": {
    "name": "t < 800 ms",
    "count": 0,
    "percentage": 0
},
    "group2": {
    "name": "800 ms < t < 1200 ms",
    "count": 35766,
    "percentage": 100
},
    "group3": {
    "name": "t > 1200 ms",
    "count": 0,
    "percentage": 0
},
    "group4": {
    "name": "failed",
    "count": 0,
    "percentage": 0
},
    "meanNumberOfRequestsPerSecond": {
        "total": 197.6022099447514,
        "ok": 197.6022099447514,
        "ko": 0
    }
}