{
    "name": "Global Information",
    "numberOfRequests": {
        "total": 120932,
        "ok": 120932,
        "ko": 0
    },
    "minResponseTime": {
        "total": 1002,
        "ok": 1002,
        "ko": 0
    },
    "maxResponseTime": {
        "total": 2251,
        "ok": 2251,
        "ko": 0
    },
    "meanResponseTime": {
        "total": 1042,
        "ok": 1042,
        "ko": 0
    },
    "standardDeviation": {
        "total": 87,
        "ok": 87,
        "ko": 0
    },
    "percentiles1": {
        "total": 1017,
        "ok": 1017,
        "ko": 0
    },
    "percentiles2": {
        "total": 1038,
        "ok": 1038,
        "ko": 0
    },
    "percentiles3": {
        "total": 1154,
        "ok": 1154,
        "ko": 0
    },
    "percentiles4": {
        "total": 1444,
        "ok": 1444,
        "ko": 0
    },
    "group1": {
    "name": "t < 800 ms",
    "count": 0,
    "percentage": 0
},
    "group2": {
    "name": "800 ms < t < 1200 ms",
    "count": 116332,
    "percentage": 96
},
    "group3": {
    "name": "t > 1200 ms",
    "count": 4600,
    "percentage": 4
},
    "group4": {
    "name": "failed",
    "count": 0,
    "percentage": 0
},
    "meanNumberOfRequestsPerSecond": {
        "total": 668.1325966850828,
        "ok": 668.1325966850828,
        "ko": 0
    }
}