{
  "type": "GROUP",
"name": "Global Information",
"path": "",
"pathFormatted": "group_missing-name-b06d1",
"stats": {
    "name": "Global Information",
    "numberOfRequests": {
        "total": 166970,
        "ok": 166970,
        "ko": 0
    },
    "minResponseTime": {
        "total": 1002,
        "ok": 1002,
        "ko": 0
    },
    "maxResponseTime": {
        "total": 2532,
        "ok": 2532,
        "ko": 0
    },
    "meanResponseTime": {
        "total": 1078,
        "ok": 1078,
        "ko": 0
    },
    "standardDeviation": {
        "total": 123,
        "ok": 123,
        "ko": 0
    },
    "percentiles1": {
        "total": 1038,
        "ok": 1038,
        "ko": 0
    },
    "percentiles2": {
        "total": 1085,
        "ok": 1085,
        "ko": 0
    },
    "percentiles3": {
        "total": 1274,
        "ok": 1274,
        "ko": 0
    },
    "percentiles4": {
        "total": 1687,
        "ok": 1687,
        "ko": 0
    },
    "group1": {
    "name": "t < 800 ms",
    "count": 0,
    "percentage": 0
},
    "group2": {
    "name": "800 ms < t < 1200 ms",
    "count": 153648,
    "percentage": 92
},
    "group3": {
    "name": "t > 1200 ms",
    "count": 13322,
    "percentage": 8
},
    "group4": {
    "name": "failed",
    "count": 0,
    "percentage": 0
},
    "meanNumberOfRequestsPerSecond": {
        "total": 917.4175824175824,
        "ok": 917.4175824175824,
        "ko": 0
    }
},
"contents": {
"req_get-http---loca-abe62": {
        "type": "REQUEST",
        "name": "GET http://localhost:8082",
"path": "GET http://localhost:8082",
"pathFormatted": "req_get-http---loca-abe62",
"stats": {
    "name": "GET http://localhost:8082",
    "numberOfRequests": {
        "total": 166970,
        "ok": 166970,
        "ko": 0
    },
    "minResponseTime": {
        "total": 1002,
        "ok": 1002,
        "ko": 0
    },
    "maxResponseTime": {
        "total": 2532,
        "ok": 2532,
        "ko": 0
    },
    "meanResponseTime": {
        "total": 1078,
        "ok": 1078,
        "ko": 0
    },
    "standardDeviation": {
        "total": 123,
        "ok": 123,
        "ko": 0
    },
    "percentiles1": {
        "total": 1038,
        "ok": 1038,
        "ko": 0
    },
    "percentiles2": {
        "total": 1085,
        "ok": 1085,
        "ko": 0
    },
    "percentiles3": {
        "total": 1274,
        "ok": 1274,
        "ko": 0
    },
    "percentiles4": {
        "total": 1687,
        "ok": 1687,
        "ko": 0
    },
    "group1": {
    "name": "t < 800 ms",
    "count": 0,
    "percentage": 0
},
    "group2": {
    "name": "800 ms < t < 1200 ms",
    "count": 153648,
    "percentage": 92
},
    "group3": {
    "name": "t > 1200 ms",
    "count": 13322,
    "percentage": 8
},
    "group4": {
    "name": "failed",
    "count": 0,
    "percentage": 0
},
    "meanNumberOfRequestsPerSecond": {
        "total": 917.4175824175824,
        "ok": 917.4175824175824,
        "ko": 0
    }
}
    }
}

}