{
    "name": "Global Information",
    "numberOfRequests": {
        "total": 137718,
        "ok": 137718,
        "ko": 0
    },
    "minResponseTime": {
        "total": 1002,
        "ok": 1002,
        "ko": 0
    },
    "maxResponseTime": {
        "total": 2637,
        "ok": 2637,
        "ko": 0
    },
    "meanResponseTime": {
        "total": 1045,
        "ok": 1045,
        "ko": 0
    },
    "standardDeviation": {
        "total": 111,
        "ok": 111,
        "ko": 0
    },
    "percentiles1": {
        "total": 1013,
        "ok": 1013,
        "ko": 0
    },
    "percentiles2": {
        "total": 1031,
        "ok": 1031,
        "ko": 0
    },
    "percentiles3": {
        "total": 1197,
        "ok": 1197,
        "ko": 0
    },
    "percentiles4": {
        "total": 1653,
        "ok": 1653,
        "ko": 0
    },
    "group1": {
    "name": "t < 800 ms",
    "count": 0,
    "percentage": 0
},
    "group2": {
    "name": "800 ms < t < 1200 ms",
    "count": 130986,
    "percentage": 95
},
    "group3": {
    "name": "t > 1200 ms",
    "count": 6732,
    "percentage": 5
},
    "group4": {
    "name": "failed",
    "count": 0,
    "percentage": 0
},
    "meanNumberOfRequestsPerSecond": {
        "total": 756.6923076923077,
        "ok": 756.6923076923077,
        "ko": 0
    }
}