{
  "type": "GROUP",
"name": "Global Information",
"path": "",
"pathFormatted": "group_missing-name-b06d1",
"stats": {
    "name": "Global Information",
    "numberOfRequests": {
        "total": 89081,
        "ok": 89081,
        "ko": 0
    },
    "minResponseTime": {
        "total": 1010,
        "ok": 1010,
        "ko": 0
    },
    "maxResponseTime": {
        "total": 3906,
        "ok": 3906,
        "ko": 0
    },
    "meanResponseTime": {
        "total": 1822,
        "ok": 1822,
        "ko": 0
    },
    "standardDeviation": {
        "total": 244,
        "ok": 244,
        "ko": 0
    },
    "percentiles1": {
        "total": 1877,
        "ok": 1877,
        "ko": 0
    },
    "percentiles2": {
        "total": 1910,
        "ok": 1910,
        "ko": 0
    },
    "percentiles3": {
        "total": 1938,
        "ok": 1938,
        "ko": 0
    },
    "percentiles4": {
        "total": 2801,
        "ok": 2801,
        "ko": 0
    },
    "group1": {
    "name": "t < 800 ms",
    "count": 0,
    "percentage": 0
},
    "group2": {
    "name": "800 ms < t < 1200 ms",
    "count": 322,
    "percentage": 0
},
    "group3": {
    "name": "t > 1200 ms",
    "count": 88759,
    "percentage": 100
},
    "group4": {
    "name": "failed",
    "count": 0,
    "percentage": 0
},
    "meanNumberOfRequestsPerSecond": {
        "total": 489.45604395604397,
        "ok": 489.45604395604397,
        "ko": 0
    }
},
"contents": {
"req_get-http---loca-f25da": {
        "type": "REQUEST",
        "name": "GET http://localhost:8083",
"path": "GET http://localhost:8083",
"pathFormatted": "req_get-http---loca-f25da",
"stats": {
    "name": "GET http://localhost:8083",
    "numberOfRequests": {
        "total": 89081,
        "ok": 89081,
        "ko": 0
    },
    "minResponseTime": {
        "total": 1010,
        "ok": 1010,
        "ko": 0
    },
    "maxResponseTime": {
        "total": 3906,
        "ok": 3906,
        "ko": 0
    },
    "meanResponseTime": {
        "total": 1822,
        "ok": 1822,
        "ko": 0
    },
    "standardDeviation": {
        "total": 244,
        "ok": 244,
        "ko": 0
    },
    "percentiles1": {
        "total": 1877,
        "ok": 1877,
        "ko": 0
    },
    "percentiles2": {
        "total": 1910,
        "ok": 1910,
        "ko": 0
    },
    "percentiles3": {
        "total": 1938,
        "ok": 1938,
        "ko": 0
    },
    "percentiles4": {
        "total": 2801,
        "ok": 2801,
        "ko": 0
    },
    "group1": {
    "name": "t < 800 ms",
    "count": 0,
    "percentage": 0
},
    "group2": {
    "name": "800 ms < t < 1200 ms",
    "count": 322,
    "percentage": 0
},
    "group3": {
    "name": "t > 1200 ms",
    "count": 88759,
    "percentage": 100
},
    "group4": {
    "name": "failed",
    "count": 0,
    "percentage": 0
},
    "meanNumberOfRequestsPerSecond": {
        "total": 489.45604395604397,
        "ok": 489.45604395604397,
        "ko": 0
    }
}
    }
}

}