{
    "name": "Global Information",
    "numberOfRequests": {
        "total": 70633,
        "ok": 70633,
        "ko": 0
    },
    "minResponseTime": {
        "total": 1002,
        "ok": 1002,
        "ko": 0
    },
    "maxResponseTime": {
        "total": 2279,
        "ok": 2279,
        "ko": 0
    },
    "meanResponseTime": {
        "total": 1019,
        "ok": 1019,
        "ko": 0
    },
    "standardDeviation": {
        "total": 67,
        "ok": 67,
        "ko": 0
    },
    "percentiles1": {
        "total": 1007,
        "ok": 1007,
        "ko": 0
    },
    "percentiles2": {
        "total": 1013,
        "ok": 1013,
        "ko": 0
    },
    "percentiles3": {
        "total": 1048,
        "ok": 1048,
        "ko": 0
    },
    "percentiles4": {
        "total": 1244,
        "ok": 1244,
        "ko": 0
    },
    "group1": {
    "name": "t < 800 ms",
    "count": 0,
    "percentage": 0
},
    "group2": {
    "name": "800 ms < t < 1200 ms",
    "count": 69785,
    "percentage": 99
},
    "group3": {
    "name": "t > 1200 ms",
    "count": 848,
    "percentage": 1
},
    "group4": {
    "name": "failed",
    "count": 0,
    "percentage": 0
},
    "meanNumberOfRequestsPerSecond": {
        "total": 388.0934065934066,
        "ok": 388.0934065934066,
        "ko": 0
    }
}