{
    "name": "Global Information",
    "numberOfRequests": {
        "total": 50839,
        "ok": 50839,
        "ko": 0
    },
    "minResponseTime": {
        "total": 1005,
        "ok": 1005,
        "ko": 0
    },
    "maxResponseTime": {
        "total": 2073,
        "ok": 2073,
        "ko": 0
    },
    "meanResponseTime": {
        "total": 1419,
        "ok": 1419,
        "ko": 0
    },
    "standardDeviation": {
        "total": 171,
        "ok": 171,
        "ko": 0
    },
    "percentiles1": {
        "total": 1455,
        "ok": 1455,
        "ko": 0
    },
    "percentiles2": {
        "total": 1536,
        "ok": 1536,
        "ko": 0
    },
    "percentiles3": {
        "total": 1643,
        "ok": 1643,
        "ko": 0
    },
    "percentiles4": {
        "total": 1731,
        "ok": 1731,
        "ko": 0
    },
    "group1": {
    "name": "t < 800 ms",
    "count": 0,
    "percentage": 0
},
    "group2": {
    "name": "800 ms < t < 1200 ms",
    "count": 7379,
    "percentage": 15
},
    "group3": {
    "name": "t > 1200 ms",
    "count": 43460,
    "percentage": 85
},
    "group4": {
    "name": "failed",
    "count": 0,
    "percentage": 0
},
    "meanNumberOfRequestsPerSecond": {
        "total": 279.33516483516485,
        "ok": 279.33516483516485,
        "ko": 0
    }
}