{
    "name": "Global Information",
    "numberOfRequests": {
        "total": 53537,
        "ok": 53537,
        "ko": 0
    },
    "minResponseTime": {
        "total": 1001,
        "ok": 1001,
        "ko": 0
    },
    "maxResponseTime": {
        "total": 1459,
        "ok": 1459,
        "ko": 0
    },
    "meanResponseTime": {
        "total": 1008,
        "ok": 1008,
        "ko": 0
    },
    "standardDeviation": {
        "total": 16,
        "ok": 16,
        "ko": 0
    },
    "percentiles1": {
        "total": 1005,
        "ok": 1005,
        "ko": 0
    },
    "percentiles2": {
        "total": 1008,
        "ok": 1008,
        "ko": 0
    },
    "percentiles3": {
        "total": 1016,
        "ok": 1016,
        "ko": 0
    },
    "percentiles4": {
        "total": 1039,
        "ok": 1039,
        "ko": 0
    },
    "group1": {
    "name": "t < 800 ms",
    "count": 0,
    "percentage": 0
},
    "group2": {
    "name": "800 ms < t < 1200 ms",
    "count": 53419,
    "percentage": 100
},
    "group3": {
    "name": "t > 1200 ms",
    "count": 118,
    "percentage": 0
},
    "group4": {
    "name": "failed",
    "count": 0,
    "percentage": 0
},
    "meanNumberOfRequestsPerSecond": {
        "total": 294.15934065934067,
        "ok": 294.15934065934067,
        "ko": 0
    }
}