{
    "name": "Global Information",
    "numberOfRequests": {
        "total": 17754,
        "ok": 17754,
        "ko": 0
    },
    "minResponseTime": {
        "total": 1002,
        "ok": 1002,
        "ko": 0
    },
    "maxResponseTime": {
        "total": 2107,
        "ok": 2107,
        "ko": 0
    },
    "meanResponseTime": {
        "total": 1012,
        "ok": 1012,
        "ko": 0
    },
    "standardDeviation": {
        "total": 50,
        "ok": 50,
        "ko": 0
    },
    "percentiles1": {
        "total": 1007,
        "ok": 1007,
        "ko": 0
    },
    "percentiles2": {
        "total": 1010,
        "ok": 1010,
        "ko": 0
    },
    "percentiles3": {
        "total": 1021,
        "ok": 1021,
        "ko": 0
    },
    "percentiles4": {
        "total": 1066,
        "ok": 1066,
        "ko": 0
    },
    "group1": {
    "name": "t < 800 ms",
    "count": 0,
    "percentage": 0
},
    "group2": {
    "name": "800 ms < t < 1200 ms",
    "count": 17679,
    "percentage": 100
},
    "group3": {
    "name": "t > 1200 ms",
    "count": 75,
    "percentage": 0
},
    "group4": {
    "name": "failed",
    "count": 0,
    "percentage": 0
},
    "meanNumberOfRequestsPerSecond": {
        "total": 98.08839779005525,
        "ok": 98.08839779005525,
        "ko": 0
    }
}