{
  "type": "GROUP",
"name": "Global Information",
"path": "",
"pathFormatted": "group_missing-name-b06d1",
"stats": {
    "name": "Global Information",
    "numberOfRequests": {
        "total": 36278,
        "ok": 36278,
        "ko": 0
    },
    "minResponseTime": {
        "total": 1006,
        "ok": 1006,
        "ko": 0
    },
    "maxResponseTime": {
        "total": 3877,
        "ok": 3877,
        "ko": 0
    },
    "meanResponseTime": {
        "total": 2992,
        "ok": 2992,
        "ko": 0
    },
    "standardDeviation": {
        "total": 188,
        "ok": 188,
        "ko": 0
    },
    "percentiles1": {
        "total": 3011,
        "ok": 3011,
        "ko": 0
    },
    "percentiles2": {
        "total": 3017,
        "ok": 3017,
        "ko": 0
    },
    "percentiles3": {
        "total": 3034,
        "ok": 3034,
        "ko": 0
    },
    "percentiles4": {
        "total": 3052,
        "ok": 3052,
        "ko": 0
    },
    "group1": {
    "name": "t < 800 ms",
    "count": 0,
    "percentage": 0
},
    "group2": {
    "name": "800 ms < t < 1200 ms",
    "count": 211,
    "percentage": 1
},
    "group3": {
    "name": "t > 1200 ms",
    "count": 36067,
    "percentage": 99
},
    "group4": {
    "name": "failed",
    "count": 0,
    "percentage": 0
},
    "meanNumberOfRequestsPerSecond": {
        "total": 197.16304347826087,
        "ok": 197.16304347826087,
        "ko": 0
    }
},
"contents": {
"req_get-http---loca-ff370": {
        "type": "REQUEST",
        "name": "GET http://localhost:8084",
"path": "GET http://localhost:8084",
"pathFormatted": "req_get-http---loca-ff370",
"stats": {
    "name": "GET http://localhost:8084",
    "numberOfRequests": {
        "total": 36278,
        "ok": 36278,
        "ko": 0
    },
    "minResponseTime": {
        "total": 1006,
        "ok": 1006,
        "ko": 0
    },
    "maxResponseTime": {
        "total": 3877,
        "ok": 3877,
        "ko": 0
    },
    "meanResponseTime": {
        "total": 2992,
        "ok": 2992,
        "ko": 0
    },
    "standardDeviation": {
        "total": 188,
        "ok": 188,
        "ko": 0
    },
    "percentiles1": {
        "total": 3011,
        "ok": 3011,
        "ko": 0
    },
    "percentiles2": {
        "total": 3017,
        "ok": 3017,
        "ko": 0
    },
    "percentiles3": {
        "total": 3034,
        "ok": 3034,
        "ko": 0
    },
    "percentiles4": {
        "total": 3052,
        "ok": 3052,
        "ko": 0
    },
    "group1": {
    "name": "t < 800 ms",
    "count": 0,
    "percentage": 0
},
    "group2": {
    "name": "800 ms < t < 1200 ms",
    "count": 211,
    "percentage": 1
},
    "group3": {
    "name": "t > 1200 ms",
    "count": 36067,
    "percentage": 99
},
    "group4": {
    "name": "failed",
    "count": 0,
    "percentage": 0
},
    "meanNumberOfRequestsPerSecond": {
        "total": 197.16304347826087,
        "ok": 197.16304347826087,
        "ko": 0
    }
}
    }
}

}