{
    "name": "Global Information",
    "numberOfRequests": {
        "total": 122111,
        "ok": 122111,
        "ko": 0
    },
    "minResponseTime": {
        "total": 1002,
        "ok": 1002,
        "ko": 0
    },
    "maxResponseTime": {
        "total": 2393,
        "ok": 2393,
        "ko": 0
    },
    "meanResponseTime": {
        "total": 1032,
        "ok": 1032,
        "ko": 0
    },
    "standardDeviation": {
        "total": 77,
        "ok": 77,
        "ko": 0
    },
    "percentiles1": {
        "total": 1014,
        "ok": 1014,
        "ko": 0
    },
    "percentiles2": {
        "total": 1029,
        "ok": 1029,
        "ko": 0
    },
    "percentiles3": {
        "total": 1105,
        "ok": 1105,
        "ko": 0
    },
    "percentiles4": {
        "total": 1271,
        "ok": 1271,
        "ko": 0
    },
    "group1": {
    "name": "t < 800 ms",
    "count": 0,
    "percentage": 0
},
    "group2": {
    "name": "800 ms < t < 1200 ms",
    "count": 120097,
    "percentage": 98
},
    "group3": {
    "name": "t > 1200 ms",
    "count": 2014,
    "percentage": 2
},
    "group4": {
    "name": "failed",
    "count": 0,
    "percentage": 0
},
    "meanNumberOfRequestsPerSecond": {
        "total": 670.9395604395604,
        "ok": 670.9395604395604,
        "ko": 0
    }
}