{
    "name": "Global Information",
    "numberOfRequests": {
        "total": 104626,
        "ok": 104626,
        "ko": 0
    },
    "minResponseTime": {
        "total": 1002,
        "ok": 1002,
        "ko": 0
    },
    "maxResponseTime": {
        "total": 2398,
        "ok": 2398,
        "ko": 0
    },
    "meanResponseTime": {
        "total": 1032,
        "ok": 1032,
        "ko": 0
    },
    "standardDeviation": {
        "total": 80,
        "ok": 80,
        "ko": 0
    },
    "percentiles1": {
        "total": 1014,
        "ok": 1014,
        "ko": 0
    },
    "percentiles2": {
        "total": 1029,
        "ok": 1029,
        "ko": 0
    },
    "percentiles3": {
        "total": 1095,
        "ok": 1095,
        "ko": 0
    },
    "percentiles4": {
        "total": 1325,
        "ok": 1325,
        "ko": 0
    },
    "group1": {
    "name": "t < 800 ms",
    "count": 0,
    "percentage": 0
},
    "group2": {
    "name": "800 ms < t < 1200 ms",
    "count": 102747,
    "percentage": 98
},
    "group3": {
    "name": "t > 1200 ms",
    "count": 1879,
    "percentage": 2
},
    "group4": {
    "name": "failed",
    "count": 0,
    "percentage": 0
},
    "meanNumberOfRequestsPerSecond": {
        "total": 574.8681318681319,
        "ok": 574.8681318681319,
        "ko": 0
    }
}