{
  "type": "GROUP",
"name": "Global Information",
"path": "",
"pathFormatted": "group_missing-name-b06d1",
"stats": {
    "name": "Global Information",
    "numberOfRequests": {
        "total": 73656,
        "ok": 73656,
        "ko": 0
    },
    "minResponseTime": {
        "total": 1318,
        "ok": 1318,
        "ko": 0
    },
    "maxResponseTime": {
        "total": 3551,
        "ok": 3551,
        "ko": 0
    },
    "meanResponseTime": {
        "total": 2452,
        "ok": 2452,
        "ko": 0
    },
    "standardDeviation": {
        "total": 224,
        "ok": 224,
        "ko": 0
    },
    "percentiles1": {
        "total": 2458,
        "ok": 2458,
        "ko": 0
    },
    "percentiles2": {
        "total": 2580,
        "ok": 2580,
        "ko": 0
    },
    "percentiles3": {
        "total": 2782,
        "ok": 2782,
        "ko": 0
    },
    "percentiles4": {
        "total": 2935,
        "ok": 2935,
        "ko": 0
    },
    "group1": {
    "name": "t < 800 ms",
    "count": 0,
    "percentage": 0
},
    "group2": {
    "name": "800 ms < t < 1200 ms",
    "count": 0,
    "percentage": 0
},
    "group3": {
    "name": "t > 1200 ms",
    "count": 73656,
    "percentage": 100
},
    "group4": {
    "name": "failed",
    "count": 0,
    "percentage": 0
},
    "meanNumberOfRequestsPerSecond": {
        "total": 404.7032967032967,
        "ok": 404.7032967032967,
        "ko": 0
    }
},
"contents": {
"req_get-http---loca-e41be": {
        "type": "REQUEST",
        "name": "GET http://localhost:8086",
"path": "GET http://localhost:8086",
"pathFormatted": "req_get-http---loca-e41be",
"stats": {
    "name": "GET http://localhost:8086",
    "numberOfRequests": {
        "total": 73656,
        "ok": 73656,
        "ko": 0
    },
    "minResponseTime": {
        "total": 1318,
        "ok": 1318,
        "ko": 0
    },
    "maxResponseTime": {
        "total": 3551,
        "ok": 3551,
        "ko": 0
    },
    "meanResponseTime": {
        "total": 2452,
        "ok": 2452,
        "ko": 0
    },
    "standardDeviation": {
        "total": 224,
        "ok": 224,
        "ko": 0
    },
    "percentiles1": {
        "total": 2458,
        "ok": 2458,
        "ko": 0
    },
    "percentiles2": {
        "total": 2580,
        "ok": 2580,
        "ko": 0
    },
    "percentiles3": {
        "total": 2782,
        "ok": 2782,
        "ko": 0
    },
    "percentiles4": {
        "total": 2935,
        "ok": 2935,
        "ko": 0
    },
    "group1": {
    "name": "t < 800 ms",
    "count": 0,
    "percentage": 0
},
    "group2": {
    "name": "800 ms < t < 1200 ms",
    "count": 0,
    "percentage": 0
},
    "group3": {
    "name": "t > 1200 ms",
    "count": 73656,
    "percentage": 100
},
    "group4": {
    "name": "failed",
    "count": 0,
    "percentage": 0
},
    "meanNumberOfRequestsPerSecond": {
        "total": 404.7032967032967,
        "ok": 404.7032967032967,
        "ko": 0
    }
}
    }
}

}