{
  "type": "GROUP",
"name": "Global Information",
"path": "",
"pathFormatted": "group_missing-name-b06d1",
"stats": {
    "name": "Global Information",
    "numberOfRequests": {
        "total": 53326,
        "ok": 53326,
        "ko": 0
    },
    "minResponseTime": {
        "total": 1001,
        "ok": 1001,
        "ko": 0
    },
    "maxResponseTime": {
        "total": 1943,
        "ok": 1943,
        "ko": 0
    },
    "meanResponseTime": {
        "total": 1011,
        "ok": 1011,
        "ko": 0
    },
    "standardDeviation": {
        "total": 44,
        "ok": 44,
        "ko": 0
    },
    "percentiles1": {
        "total": 1006,
        "ok": 1006,
        "ko": 0
    },
    "percentiles2": {
        "total": 1009,
        "ok": 1009,
        "ko": 0
    },
    "percentiles3": {
        "total": 1024,
        "ok": 1024,
        "ko": 0
    },
    "percentiles4": {
        "total": 1064,
        "ok": 1064,
        "ko": 0
    },
    "group1": {
    "name": "t < 800 ms",
    "count": 0,
    "percentage": 0
},
    "group2": {
    "name": "800 ms < t < 1200 ms",
    "count": 53062,
    "percentage": 100
},
    "group3": {
    "name": "t > 1200 ms",
    "count": 264,
    "percentage": 0
},
    "group4": {
    "name": "failed",
    "count": 0,
    "percentage": 0
},
    "meanNumberOfRequestsPerSecond": {
        "total": 294.61878453038673,
        "ok": 294.61878453038673,
        "ko": 0
    }
},
"contents": {
"req_get-http---loca-f25da": {
        "type": "REQUEST",
        "name": "GET http://localhost:8083",
"path": "GET http://localhost:8083",
"pathFormatted": "req_get-http---loca-f25da",
"stats": {
    "name": "GET http://localhost:8083",
    "numberOfRequests": {
        "total": 53326,
        "ok": 53326,
        "ko": 0
    },
    "minResponseTime": {
        "total": 1001,
        "ok": 1001,
        "ko": 0
    },
    "maxResponseTime": {
        "total": 1943,
        "ok": 1943,
        "ko": 0
    },
    "meanResponseTime": {
        "total": 1011,
        "ok": 1011,
        "ko": 0
    },
    "standardDeviation": {
        "total": 44,
        "ok": 44,
        "ko": 0
    },
    "percentiles1": {
        "total": 1006,
        "ok": 1006,
        "ko": 0
    },
    "percentiles2": {
        "total": 1009,
        "ok": 1009,
        "ko": 0
    },
    "percentiles3": {
        "total": 1024,
        "ok": 1024,
        "ko": 0
    },
    "percentiles4": {
        "total": 1064,
        "ok": 1064,
        "ko": 0
    },
    "group1": {
    "name": "t < 800 ms",
    "count": 0,
    "percentage": 0
},
    "group2": {
    "name": "800 ms < t < 1200 ms",
    "count": 53062,
    "percentage": 100
},
    "group3": {
    "name": "t > 1200 ms",
    "count": 264,
    "percentage": 0
},
    "group4": {
    "name": "failed",
    "count": 0,
    "percentage": 0
},
    "meanNumberOfRequestsPerSecond": {
        "total": 294.61878453038673,
        "ok": 294.61878453038673,
        "ko": 0
    }
}
    }
}

}