{
    "name": "Global Information",
    "numberOfRequests": {
        "total": 168051,
        "ok": 168051,
        "ko": 0
    },
    "minResponseTime": {
        "total": 1002,
        "ok": 1002,
        "ko": 0
    },
    "maxResponseTime": {
        "total": 2628,
        "ok": 2628,
        "ko": 0
    },
    "meanResponseTime": {
        "total": 1071,
        "ok": 1071,
        "ko": 0
    },
    "standardDeviation": {
        "total": 145,
        "ok": 145,
        "ko": 0
    },
    "percentiles1": {
        "total": 1024,
        "ok": 1024,
        "ko": 0
    },
    "percentiles2": {
        "total": 1057,
        "ok": 1057,
        "ko": 0
    },
    "percentiles3": {
        "total": 1303,
        "ok": 1303,
        "ko": 0
    },
    "percentiles4": {
        "total": 1873,
        "ok": 1873,
        "ko": 0
    },
    "group1": {
    "name": "t < 800 ms",
    "count": 0,
    "percentage": 0
},
    "group2": {
    "name": "800 ms < t < 1200 ms",
    "count": 154730,
    "percentage": 92
},
    "group3": {
    "name": "t > 1200 ms",
    "count": 13321,
    "percentage": 8
},
    "group4": {
    "name": "failed",
    "count": 0,
    "percentage": 0
},
    "meanNumberOfRequestsPerSecond": {
        "total": 923.3571428571429,
        "ok": 923.3571428571429,
        "ko": 0
    }
}