{
  "type": "GROUP",
"name": "Global Information",
"path": "",
"pathFormatted": "group_missing-name-b06d1",
"stats": {
    "name": "Global Information",
    "numberOfRequests": {
        "total": 71119,
        "ok": 71119,
        "ko": 0
    },
    "minResponseTime": {
        "total": 1001,
        "ok": 1001,
        "ko": 0
    },
    "maxResponseTime": {
        "total": 2018,
        "ok": 2018,
        "ko": 0
    },
    "meanResponseTime": {
        "total": 1012,
        "ok": 1012,
        "ko": 0
    },
    "standardDeviation": {
        "total": 52,
        "ok": 52,
        "ko": 0
    },
    "percentiles1": {
        "total": 1005,
        "ok": 1005,
        "ko": 0
    },
    "percentiles2": {
        "total": 1009,
        "ok": 1009,
        "ko": 0
    },
    "percentiles3": {
        "total": 1023,
        "ok": 1023,
        "ko": 0
    },
    "percentiles4": {
        "total": 1155,
        "ok": 1154,
        "ko": 0
    },
    "group1": {
    "name": "t < 800 ms",
    "count": 0,
    "percentage": 0
},
    "group2": {
    "name": "800 ms < t < 1200 ms",
    "count": 70597,
    "percentage": 99
},
    "group3": {
    "name": "t > 1200 ms",
    "count": 522,
    "percentage": 1
},
    "group4": {
    "name": "failed",
    "count": 0,
    "percentage": 0
},
    "meanNumberOfRequestsPerSecond": {
        "total": 390.7637362637363,
        "ok": 390.7637362637363,
        "ko": 0
    }
},
"contents": {
"req_get-http---loca-f25da": {
        "type": "REQUEST",
        "name": "GET http://localhost:8083",
"path": "GET http://localhost:8083",
"pathFormatted": "req_get-http---loca-f25da",
"stats": {
    "name": "GET http://localhost:8083",
    "numberOfRequests": {
        "total": 71119,
        "ok": 71119,
        "ko": 0
    },
    "minResponseTime": {
        "total": 1001,
        "ok": 1001,
        "ko": 0
    },
    "maxResponseTime": {
        "total": 2018,
        "ok": 2018,
        "ko": 0
    },
    "meanResponseTime": {
        "total": 1012,
        "ok": 1012,
        "ko": 0
    },
    "standardDeviation": {
        "total": 52,
        "ok": 52,
        "ko": 0
    },
    "percentiles1": {
        "total": 1005,
        "ok": 1005,
        "ko": 0
    },
    "percentiles2": {
        "total": 1009,
        "ok": 1009,
        "ko": 0
    },
    "percentiles3": {
        "total": 1023,
        "ok": 1023,
        "ko": 0
    },
    "percentiles4": {
        "total": 1154,
        "ok": 1155,
        "ko": 0
    },
    "group1": {
    "name": "t < 800 ms",
    "count": 0,
    "percentage": 0
},
    "group2": {
    "name": "800 ms < t < 1200 ms",
    "count": 70597,
    "percentage": 99
},
    "group3": {
    "name": "t > 1200 ms",
    "count": 522,
    "percentage": 1
},
    "group4": {
    "name": "failed",
    "count": 0,
    "percentage": 0
},
    "meanNumberOfRequestsPerSecond": {
        "total": 390.7637362637363,
        "ok": 390.7637362637363,
        "ko": 0
    }
}
    }
}

}