{
  "type": "GROUP",
"name": "Global Information",
"path": "",
"pathFormatted": "group_missing-name-b06d1",
"stats": {
    "name": "Global Information",
    "numberOfRequests": {
        "total": 89853,
        "ok": 89853,
        "ko": 0
    },
    "minResponseTime": {
        "total": 1033,
        "ok": 1033,
        "ko": 0
    },
    "maxResponseTime": {
        "total": 2446,
        "ok": 2446,
        "ko": 0
    },
    "meanResponseTime": {
        "total": 2009,
        "ok": 2009,
        "ko": 0
    },
    "standardDeviation": {
        "total": 67,
        "ok": 67,
        "ko": 0
    },
    "percentiles1": {
        "total": 2008,
        "ok": 2008,
        "ko": 0
    },
    "percentiles2": {
        "total": 2017,
        "ok": 2017,
        "ko": 0
    },
    "percentiles3": {
        "total": 2052,
        "ok": 2052,
        "ko": 0
    },
    "percentiles4": {
        "total": 2105,
        "ok": 2105,
        "ko": 0
    },
    "group1": {
    "name": "t < 800 ms",
    "count": 0,
    "percentage": 0
},
    "group2": {
    "name": "800 ms < t < 1200 ms",
    "count": 243,
    "percentage": 0
},
    "group3": {
    "name": "t > 1200 ms",
    "count": 89610,
    "percentage": 100
},
    "group4": {
    "name": "failed",
    "count": 0,
    "percentage": 0
},
    "meanNumberOfRequestsPerSecond": {
        "total": 491.0,
        "ok": 491.0,
        "ko": 0
    }
},
"contents": {
"req_get-http---loca-f25da": {
        "type": "REQUEST",
        "name": "GET http://localhost:8083",
"path": "GET http://localhost:8083",
"pathFormatted": "req_get-http---loca-f25da",
"stats": {
    "name": "GET http://localhost:8083",
    "numberOfRequests": {
        "total": 89853,
        "ok": 89853,
        "ko": 0
    },
    "minResponseTime": {
        "total": 1033,
        "ok": 1033,
        "ko": 0
    },
    "maxResponseTime": {
        "total": 2446,
        "ok": 2446,
        "ko": 0
    },
    "meanResponseTime": {
        "total": 2009,
        "ok": 2009,
        "ko": 0
    },
    "standardDeviation": {
        "total": 67,
        "ok": 67,
        "ko": 0
    },
    "percentiles1": {
        "total": 2008,
        "ok": 2008,
        "ko": 0
    },
    "percentiles2": {
        "total": 2017,
        "ok": 2017,
        "ko": 0
    },
    "percentiles3": {
        "total": 2052,
        "ok": 2052,
        "ko": 0
    },
    "percentiles4": {
        "total": 2105,
        "ok": 2105,
        "ko": 0
    },
    "group1": {
    "name": "t < 800 ms",
    "count": 0,
    "percentage": 0
},
    "group2": {
    "name": "800 ms < t < 1200 ms",
    "count": 243,
    "percentage": 0
},
    "group3": {
    "name": "t > 1200 ms",
    "count": 89610,
    "percentage": 100
},
    "group4": {
    "name": "failed",
    "count": 0,
    "percentage": 0
},
    "meanNumberOfRequestsPerSecond": {
        "total": 491.0,
        "ok": 491.0,
        "ko": 0
    }
}
    }
}

}