{
    "name": "Global Information",
    "numberOfRequests": {
        "total": 89323,
        "ok": 89323,
        "ko": 0
    },
    "minResponseTime": {
        "total": 1011,
        "ok": 1011,
        "ko": 0
    },
    "maxResponseTime": {
        "total": 2632,
        "ok": 2632,
        "ko": 0
    },
    "meanResponseTime": {
        "total": 1412,
        "ok": 1412,
        "ko": 0
    },
    "standardDeviation": {
        "total": 149,
        "ok": 149,
        "ko": 0
    },
    "percentiles1": {
        "total": 1387,
        "ok": 1387,
        "ko": 0
    },
    "percentiles2": {
        "total": 1506,
        "ok": 1506,
        "ko": 0
    },
    "percentiles3": {
        "total": 1673,
        "ok": 1673,
        "ko": 0
    },
    "percentiles4": {
        "total": 1822,
        "ok": 1822,
        "ko": 0
    },
    "group1": {
    "name": "t < 800 ms",
    "count": 0,
    "percentage": 0
},
    "group2": {
    "name": "800 ms < t < 1200 ms",
    "count": 3107,
    "percentage": 3
},
    "group3": {
    "name": "t > 1200 ms",
    "count": 86216,
    "percentage": 97
},
    "group4": {
    "name": "failed",
    "count": 0,
    "percentage": 0
},
    "meanNumberOfRequestsPerSecond": {
        "total": 490.7857142857143,
        "ok": 490.7857142857143,
        "ko": 0
    }
}