{
    "name": "Global Information",
    "numberOfRequests": {
        "total": 35746,
        "ok": 35746,
        "ko": 0
    },
    "minResponseTime": {
        "total": 1001,
        "ok": 1001,
        "ko": 0
    },
    "maxResponseTime": {
        "total": 1289,
        "ok": 1289,
        "ko": 0
    },
    "meanResponseTime": {
        "total": 1007,
        "ok": 1007,
        "ko": 0
    },
    "standardDeviation": {
        "total": 10,
        "ok": 10,
        "ko": 0
    },
    "percentiles1": {
        "total": 1005,
        "ok": 1005,
        "ko": 0
    },
    "percentiles2": {
        "total": 1007,
        "ok": 1007,
        "ko": 0
    },
    "percentiles3": {
        "total": 1016,
        "ok": 1016,
        "ko": 0
    },
    "percentiles4": {
        "total": 1040,
        "ok": 1040,
        "ko": 0
    },
    "group1": {
    "name": "t < 800 ms",
    "count": 0,
    "percentage": 0
},
    "group2": {
    "name": "800 ms < t < 1200 ms",
    "count": 35736,
    "percentage": 100
},
    "group3": {
    "name": "t > 1200 ms",
    "count": 10,
    "percentage": 0
},
    "group4": {
    "name": "failed",
    "count": 0,
    "percentage": 0
},
    "meanNumberOfRequestsPerSecond": {
        "total": 196.4065934065934,
        "ok": 196.4065934065934,
        "ko": 0
    }
}