{
    "name": "Global Information",
    "numberOfRequests": {
        "total": 87807,
        "ok": 87807,
        "ko": 0
    },
    "minResponseTime": {
        "total": 1002,
        "ok": 1002,
        "ko": 0
    },
    "maxResponseTime": {
        "total": 2115,
        "ok": 2115,
        "ko": 0
    },
    "meanResponseTime": {
        "total": 1025,
        "ok": 1025,
        "ko": 0
    },
    "standardDeviation": {
        "total": 65,
        "ok": 65,
        "ko": 0
    },
    "percentiles1": {
        "total": 1010,
        "ok": 1010,
        "ko": 0
    },
    "percentiles2": {
        "total": 1019,
        "ok": 1019,
        "ko": 0
    },
    "percentiles3": {
        "total": 1081,
        "ok": 1081,
        "ko": 0
    },
    "percentiles4": {
        "total": 1307,
        "ok": 1307,
        "ko": 0
    },
    "group1": {
    "name": "t < 800 ms",
    "count": 0,
    "percentage": 0
},
    "group2": {
    "name": "800 ms < t < 1200 ms",
    "count": 86348,
    "percentage": 98
},
    "group3": {
    "name": "t > 1200 ms",
    "count": 1459,
    "percentage": 2
},
    "group4": {
    "name": "failed",
    "count": 0,
    "percentage": 0
},
    "meanNumberOfRequestsPerSecond": {
        "total": 482.45604395604397,
        "ok": 482.45604395604397,
        "ko": 0
    }
}