{
    "name": "Global Information",
    "numberOfRequests": {
        "total": 36300,
        "ok": 36300,
        "ko": 0
    },
    "minResponseTime": {
        "total": 1007,
        "ok": 1007,
        "ko": 0
    },
    "maxResponseTime": {
        "total": 4330,
        "ok": 4330,
        "ko": 0
    },
    "meanResponseTime": {
        "total": 3494,
        "ok": 3494,
        "ko": 0
    },
    "standardDeviation": {
        "total": 449,
        "ok": 449,
        "ko": 0
    },
    "percentiles1": {
        "total": 3250,
        "ok": 3250,
        "ko": 0
    },
    "percentiles2": {
        "total": 3914,
        "ok": 3914,
        "ko": 0
    },
    "percentiles3": {
        "total": 3947,
        "ok": 3947,
        "ko": 0
    },
    "percentiles4": {
        "total": 4095,
        "ok": 4095,
        "ko": 0
    },
    "group1": {
    "name": "t < 800 ms",
    "count": 0,
    "percentage": 0
},
    "group2": {
    "name": "800 ms < t < 1200 ms",
    "count": 205,
    "percentage": 1
},
    "group3": {
    "name": "t > 1200 ms",
    "count": 36095,
    "percentage": 99
},
    "group4": {
    "name": "failed",
    "count": 0,
    "percentage": 0
},
    "meanNumberOfRequestsPerSecond": {
        "total": 197.2826086956522,
        "ok": 197.2826086956522,
        "ko": 0
    }
}