{
  "type": "GROUP",
"name": "Global Information",
"path": "",
"pathFormatted": "group_missing-name-b06d1",
"stats": {
    "name": "Global Information",
    "numberOfRequests": {
        "total": 169807,
        "ok": 169807,
        "ko": 0
    },
    "minResponseTime": {
        "total": 1002,
        "ok": 1002,
        "ko": 0
    },
    "maxResponseTime": {
        "total": 2611,
        "ok": 2611,
        "ko": 0
    },
    "meanResponseTime": {
        "total": 1060,
        "ok": 1060,
        "ko": 0
    },
    "standardDeviation": {
        "total": 93,
        "ok": 93,
        "ko": 0
    },
    "percentiles1": {
        "total": 1032,
        "ok": 1032,
        "ko": 0
    },
    "percentiles2": {
        "total": 1066,
        "ok": 1066,
        "ko": 0
    },
    "percentiles3": {
        "total": 1196,
        "ok": 1196,
        "ko": 0
    },
    "percentiles4": {
        "total": 1473,
        "ok": 1473,
        "ko": 0
    },
    "group1": {
    "name": "t < 800 ms",
    "count": 0,
    "percentage": 0
},
    "group2": {
    "name": "800 ms < t < 1200 ms",
    "count": 161579,
    "percentage": 95
},
    "group3": {
    "name": "t > 1200 ms",
    "count": 8228,
    "percentage": 5
},
    "group4": {
    "name": "failed",
    "count": 0,
    "percentage": 0
},
    "meanNumberOfRequestsPerSecond": {
        "total": 933.0054945054945,
        "ok": 933.0054945054945,
        "ko": 0
    }
},
"contents": {
"req_get-http---loca-ec05c": {
        "type": "REQUEST",
        "name": "GET http://localhost:8081",
"path": "GET http://localhost:8081",
"pathFormatted": "req_get-http---loca-ec05c",
"stats": {
    "name": "GET http://localhost:8081",
    "numberOfRequests": {
        "total": 169807,
        "ok": 169807,
        "ko": 0
    },
    "minResponseTime": {
        "total": 1002,
        "ok": 1002,
        "ko": 0
    },
    "maxResponseTime": {
        "total": 2611,
        "ok": 2611,
        "ko": 0
    },
    "meanResponseTime": {
        "total": 1060,
        "ok": 1060,
        "ko": 0
    },
    "standardDeviation": {
        "total": 93,
        "ok": 93,
        "ko": 0
    },
    "percentiles1": {
        "total": 1032,
        "ok": 1032,
        "ko": 0
    },
    "percentiles2": {
        "total": 1066,
        "ok": 1066,
        "ko": 0
    },
    "percentiles3": {
        "total": 1196,
        "ok": 1196,
        "ko": 0
    },
    "percentiles4": {
        "total": 1473,
        "ok": 1473,
        "ko": 0
    },
    "group1": {
    "name": "t < 800 ms",
    "count": 0,
    "percentage": 0
},
    "group2": {
    "name": "800 ms < t < 1200 ms",
    "count": 161579,
    "percentage": 95
},
    "group3": {
    "name": "t > 1200 ms",
    "count": 8228,
    "percentage": 5
},
    "group4": {
    "name": "failed",
    "count": 0,
    "percentage": 0
},
    "meanNumberOfRequestsPerSecond": {
        "total": 933.0054945054945,
        "ok": 933.0054945054945,
        "ko": 0
    }
}
    }
}

}