{
    "name": "Global Information",
    "numberOfRequests": {
        "total": 153117,
        "ok": 153117,
        "ko": 0
    },
    "minResponseTime": {
        "total": 1002,
        "ok": 1002,
        "ko": 0
    },
    "maxResponseTime": {
        "total": 2249,
        "ok": 2249,
        "ko": 0
    },
    "meanResponseTime": {
        "total": 1057,
        "ok": 1057,
        "ko": 0
    },
    "standardDeviation": {
        "total": 89,
        "ok": 89,
        "ko": 0
    },
    "percentiles1": {
        "total": 1030,
        "ok": 1030,
        "ko": 0
    },
    "percentiles2": {
        "total": 1063,
        "ok": 1063,
        "ko": 0
    },
    "percentiles3": {
        "total": 1191,
        "ok": 1191,
        "ko": 0
    },
    "percentiles4": {
        "total": 1478,
        "ok": 1478,
        "ko": 0
    },
    "group1": {
    "name": "t < 800 ms",
    "count": 0,
    "percentage": 0
},
    "group2": {
    "name": "800 ms < t < 1200 ms",
    "count": 146015,
    "percentage": 95
},
    "group3": {
    "name": "t > 1200 ms",
    "count": 7102,
    "percentage": 5
},
    "group4": {
    "name": "failed",
    "count": 0,
    "percentage": 0
},
    "meanNumberOfRequestsPerSecond": {
        "total": 841.3021978021978,
        "ok": 841.3021978021978,
        "ko": 0
    }
}