{
  "type": "GROUP",
"name": "Global Information",
"path": "",
"pathFormatted": "group_missing-name-b06d1",
"stats": {
    "name": "Global Information",
    "numberOfRequests": {
        "total": 16899,
        "ok": 16899,
        "ko": 0
    },
    "minResponseTime": {
        "total": 1003,
        "ok": 1003,
        "ko": 0
    },
    "maxResponseTime": {
        "total": 1194,
        "ok": 1194,
        "ko": 0
    },
    "meanResponseTime": {
        "total": 1065,
        "ok": 1065,
        "ko": 0
    },
    "standardDeviation": {
        "total": 32,
        "ok": 32,
        "ko": 0
    },
    "percentiles1": {
        "total": 1067,
        "ok": 1067,
        "ko": 0
    },
    "percentiles2": {
        "total": 1085,
        "ok": 1085,
        "ko": 0
    },
    "percentiles3": {
        "total": 1116,
        "ok": 1116,
        "ko": 0
    },
    "percentiles4": {
        "total": 1138,
        "ok": 1138,
        "ko": 0
    },
    "group1": {
    "name": "t < 800 ms",
    "count": 0,
    "percentage": 0
},
    "group2": {
    "name": "800 ms < t < 1200 ms",
    "count": 16899,
    "percentage": 100
},
    "group3": {
    "name": "t > 1200 ms",
    "count": 0,
    "percentage": 0
},
    "group4": {
    "name": "failed",
    "count": 0,
    "percentage": 0
},
    "meanNumberOfRequestsPerSecond": {
        "total": 93.3646408839779,
        "ok": 93.3646408839779,
        "ko": 0
    }
},
"contents": {
"req_get-http---loca-e41be": {
        "type": "REQUEST",
        "name": "GET http://localhost:8086",
"path": "GET http://localhost:8086",
"pathFormatted": "req_get-http---loca-e41be",
"stats": {
    "name": "GET http://localhost:8086",
    "numberOfRequests": {
        "total": 16899,
        "ok": 16899,
        "ko": 0
    },
    "minResponseTime": {
        "total": 1003,
        "ok": 1003,
        "ko": 0
    },
    "maxResponseTime": {
        "total": 1194,
        "ok": 1194,
        "ko": 0
    },
    "meanResponseTime": {
        "total": 1065,
        "ok": 1065,
        "ko": 0
    },
    "standardDeviation": {
        "total": 32,
        "ok": 32,
        "ko": 0
    },
    "percentiles1": {
        "total": 1067,
        "ok": 1067,
        "ko": 0
    },
    "percentiles2": {
        "total": 1085,
        "ok": 1085,
        "ko": 0
    },
    "percentiles3": {
        "total": 1116,
        "ok": 1116,
        "ko": 0
    },
    "percentiles4": {
        "total": 1138,
        "ok": 1138,
        "ko": 0
    },
    "group1": {
    "name": "t < 800 ms",
    "count": 0,
    "percentage": 0
},
    "group2": {
    "name": "800 ms < t < 1200 ms",
    "count": 16899,
    "percentage": 100
},
    "group3": {
    "name": "t > 1200 ms",
    "count": 0,
    "percentage": 0
},
    "group4": {
    "name": "failed",
    "count": 0,
    "percentage": 0
},
    "meanNumberOfRequestsPerSecond": {
        "total": 93.3646408839779,
        "ok": 93.3646408839779,
        "ko": 0
    }
}
    }
}

}