{
  "type": "GROUP",
"name": "Global Information",
"path": "",
"pathFormatted": "group_missing-name-b06d1",
"stats": {
    "name": "Global Information",
    "numberOfRequests": {
        "total": 55722,
        "ok": 55722,
        "ko": 0
    },
    "minResponseTime": {
        "total": 1005,
        "ok": 1005,
        "ko": 0
    },
    "maxResponseTime": {
        "total": 2273,
        "ok": 2273,
        "ko": 0
    },
    "meanResponseTime": {
        "total": 1614,
        "ok": 1614,
        "ko": 0
    },
    "standardDeviation": {
        "total": 207,
        "ok": 207,
        "ko": 0
    },
    "percentiles1": {
        "total": 1655,
        "ok": 1655,
        "ko": 0
    },
    "percentiles2": {
        "total": 1740,
        "ok": 1740,
        "ko": 0
    },
    "percentiles3": {
        "total": 1889,
        "ok": 1889,
        "ko": 0
    },
    "percentiles4": {
        "total": 1978,
        "ok": 1978,
        "ko": 0
    },
    "group1": {
    "name": "t < 800 ms",
    "count": 0,
    "percentage": 0
},
    "group2": {
    "name": "800 ms < t < 1200 ms",
    "count": 3848,
    "percentage": 7
},
    "group3": {
    "name": "t > 1200 ms",
    "count": 51874,
    "percentage": 93
},
    "group4": {
    "name": "failed",
    "count": 0,
    "percentage": 0
},
    "meanNumberOfRequestsPerSecond": {
        "total": 306.16483516483515,
        "ok": 306.16483516483515,
        "ko": 0
    }
},
"contents": {
"req_get-http---loca-e41be": {
        "type": "REQUEST",
        "name": "GET http://localhost:8086",
"path": "GET http://localhost:8086",
"pathFormatted": "req_get-http---loca-e41be",
"stats": {
    "name": "GET http://localhost:8086",
    "numberOfRequests": {
        "total": 55722,
        "ok": 55722,
        "ko": 0
    },
    "minResponseTime": {
        "total": 1005,
        "ok": 1005,
        "ko": 0
    },
    "maxResponseTime": {
        "total": 2273,
        "ok": 2273,
        "ko": 0
    },
    "meanResponseTime": {
        "total": 1614,
        "ok": 1614,
        "ko": 0
    },
    "standardDeviation": {
        "total": 207,
        "ok": 207,
        "ko": 0
    },
    "percentiles1": {
        "total": 1655,
        "ok": 1655,
        "ko": 0
    },
    "percentiles2": {
        "total": 1740,
        "ok": 1740,
        "ko": 0
    },
    "percentiles3": {
        "total": 1890,
        "ok": 1890,
        "ko": 0
    },
    "percentiles4": {
        "total": 1978,
        "ok": 1978,
        "ko": 0
    },
    "group1": {
    "name": "t < 800 ms",
    "count": 0,
    "percentage": 0
},
    "group2": {
    "name": "800 ms < t < 1200 ms",
    "count": 3848,
    "percentage": 7
},
    "group3": {
    "name": "t > 1200 ms",
    "count": 51874,
    "percentage": 93
},
    "group4": {
    "name": "failed",
    "count": 0,
    "percentage": 0
},
    "meanNumberOfRequestsPerSecond": {
        "total": 306.16483516483515,
        "ok": 306.16483516483515,
        "ko": 0
    }
}
    }
}

}