{
    "name": "Global Information",
    "numberOfRequests": {
        "total": 35733,
        "ok": 35733,
        "ko": 0
    },
    "minResponseTime": {
        "total": 1002,
        "ok": 1002,
        "ko": 0
    },
    "maxResponseTime": {
        "total": 1071,
        "ok": 1071,
        "ko": 0
    },
    "meanResponseTime": {
        "total": 1008,
        "ok": 1008,
        "ko": 0
    },
    "standardDeviation": {
        "total": 4,
        "ok": 4,
        "ko": 0
    },
    "percentiles1": {
        "total": 1007,
        "ok": 1007,
        "ko": 0
    },
    "percentiles2": {
        "total": 1010,
        "ok": 1010,
        "ko": 0
    },
    "percentiles3": {
        "total": 1015,
        "ok": 1015,
        "ko": 0
    },
    "percentiles4": {
        "total": 1020,
        "ok": 1020,
        "ko": 0
    },
    "group1": {
    "name": "t < 800 ms",
    "count": 0,
    "percentage": 0
},
    "group2": {
    "name": "800 ms < t < 1200 ms",
    "count": 35733,
    "percentage": 100
},
    "group3": {
    "name": "t > 1200 ms",
    "count": 0,
    "percentage": 0
},
    "group4": {
    "name": "failed",
    "count": 0,
    "percentage": 0
},
    "meanNumberOfRequestsPerSecond": {
        "total": 197.41988950276243,
        "ok": 197.41988950276243,
        "ko": 0
    }
}