{
    "name": "Global Information",
    "numberOfRequests": {
        "total": 89052,
        "ok": 89052,
        "ko": 0
    },
    "minResponseTime": {
        "total": 1001,
        "ok": 1001,
        "ko": 0
    },
    "maxResponseTime": {
        "total": 1185,
        "ok": 1185,
        "ko": 0
    },
    "meanResponseTime": {
        "total": 1010,
        "ok": 1010,
        "ko": 0
    },
    "standardDeviation": {
        "total": 12,
        "ok": 12,
        "ko": 0
    },
    "percentiles1": {
        "total": 1006,
        "ok": 1006,
        "ko": 0
    },
    "percentiles2": {
        "total": 1012,
        "ok": 1012,
        "ko": 0
    },
    "percentiles3": {
        "total": 1030,
        "ok": 1030,
        "ko": 0
    },
    "percentiles4": {
        "total": 1060,
        "ok": 1060,
        "ko": 0
    },
    "group1": {
    "name": "t < 800 ms",
    "count": 0,
    "percentage": 0
},
    "group2": {
    "name": "800 ms < t < 1200 ms",
    "count": 89052,
    "percentage": 100
},
    "group3": {
    "name": "t > 1200 ms",
    "count": 0,
    "percentage": 0
},
    "group4": {
    "name": "failed",
    "count": 0,
    "percentage": 0
},
    "meanNumberOfRequestsPerSecond": {
        "total": 489.2967032967033,
        "ok": 489.2967032967033,
        "ko": 0
    }
}