{
  "type": "GROUP",
"name": "Global Information",
"path": "",
"pathFormatted": "group_missing-name-b06d1",
"stats": {
    "name": "Global Information",
    "numberOfRequests": {
        "total": 89693,
        "ok": 89693,
        "ko": 0
    },
    "minResponseTime": {
        "total": 1014,
        "ok": 1014,
        "ko": 0
    },
    "maxResponseTime": {
        "total": 2571,
        "ok": 2571,
        "ko": 0
    },
    "meanResponseTime": {
        "total": 1608,
        "ok": 1608,
        "ko": 0
    },
    "standardDeviation": {
        "total": 118,
        "ok": 118,
        "ko": 0
    },
    "percentiles1": {
        "total": 1616,
        "ok": 1616,
        "ko": 0
    },
    "percentiles2": {
        "total": 1691,
        "ok": 1691,
        "ko": 0
    },
    "percentiles3": {
        "total": 1759,
        "ok": 1759,
        "ko": 0
    },
    "percentiles4": {
        "total": 1855,
        "ok": 1855,
        "ko": 0
    },
    "group1": {
    "name": "t < 800 ms",
    "count": 0,
    "percentage": 0
},
    "group2": {
    "name": "800 ms < t < 1200 ms",
    "count": 529,
    "percentage": 1
},
    "group3": {
    "name": "t > 1200 ms",
    "count": 89164,
    "percentage": 99
},
    "group4": {
    "name": "failed",
    "count": 0,
    "percentage": 0
},
    "meanNumberOfRequestsPerSecond": {
        "total": 492.81868131868134,
        "ok": 492.81868131868134,
        "ko": 0
    }
},
"contents": {
"req_get-http---loca-f25da": {
        "type": "REQUEST",
        "name": "GET http://localhost:8083",
"path": "GET http://localhost:8083",
"pathFormatted": "req_get-http---loca-f25da",
"stats": {
    "name": "GET http://localhost:8083",
    "numberOfRequests": {
        "total": 89693,
        "ok": 89693,
        "ko": 0
    },
    "minResponseTime": {
        "total": 1014,
        "ok": 1014,
        "ko": 0
    },
    "maxResponseTime": {
        "total": 2571,
        "ok": 2571,
        "ko": 0
    },
    "meanResponseTime": {
        "total": 1608,
        "ok": 1608,
        "ko": 0
    },
    "standardDeviation": {
        "total": 118,
        "ok": 118,
        "ko": 0
    },
    "percentiles1": {
        "total": 1616,
        "ok": 1616,
        "ko": 0
    },
    "percentiles2": {
        "total": 1691,
        "ok": 1691,
        "ko": 0
    },
    "percentiles3": {
        "total": 1759,
        "ok": 1759,
        "ko": 0
    },
    "percentiles4": {
        "total": 1855,
        "ok": 1855,
        "ko": 0
    },
    "group1": {
    "name": "t < 800 ms",
    "count": 0,
    "percentage": 0
},
    "group2": {
    "name": "800 ms < t < 1200 ms",
    "count": 529,
    "percentage": 1
},
    "group3": {
    "name": "t > 1200 ms",
    "count": 89164,
    "percentage": 99
},
    "group4": {
    "name": "failed",
    "count": 0,
    "percentage": 0
},
    "meanNumberOfRequestsPerSecond": {
        "total": 492.81868131868134,
        "ok": 492.81868131868134,
        "ko": 0
    }
}
    }
}

}