{
    "name": "Global Information",
    "numberOfRequests": {
        "total": 133801,
        "ok": 133801,
        "ko": 0
    },
    "minResponseTime": {
        "total": 1002,
        "ok": 1002,
        "ko": 0
    },
    "maxResponseTime": {
        "total": 2643,
        "ok": 2643,
        "ko": 0
    },
    "meanResponseTime": {
        "total": 1076,
        "ok": 1076,
        "ko": 0
    },
    "standardDeviation": {
        "total": 132,
        "ok": 132,
        "ko": 0
    },
    "percentiles1": {
        "total": 1030,
        "ok": 1030,
        "ko": 0
    },
    "percentiles2": {
        "total": 1082,
        "ok": 1082,
        "ko": 0
    },
    "percentiles3": {
        "total": 1301,
        "ok": 1301,
        "ko": 0
    },
    "percentiles4": {
        "total": 1598,
        "ok": 1598,
        "ko": 0
    },
    "group1": {
    "name": "t < 800 ms",
    "count": 0,
    "percentage": 0
},
    "group2": {
    "name": "800 ms < t < 1200 ms",
    "count": 121016,
    "percentage": 90
},
    "group3": {
    "name": "t > 1200 ms",
    "count": 12785,
    "percentage": 10
},
    "group4": {
    "name": "failed",
    "count": 0,
    "percentage": 0
},
    "meanNumberOfRequestsPerSecond": {
        "total": 735.1703296703297,
        "ok": 735.1703296703297,
        "ko": 0
    }
}