{
  "type": "GROUP",
"name": "Global Information",
"path": "",
"pathFormatted": "group_missing-name-b06d1",
"stats": {
    "name": "Global Information",
    "numberOfRequests": {
        "total": 36121,
        "ok": 36121,
        "ko": 0
    },
    "minResponseTime": {
        "total": 1007,
        "ok": 1007,
        "ko": 0
    },
    "maxResponseTime": {
        "total": 3050,
        "ok": 3050,
        "ko": 0
    },
    "meanResponseTime": {
        "total": 2498,
        "ok": 2498,
        "ko": 0
    },
    "standardDeviation": {
        "total": 402,
        "ok": 402,
        "ko": 0
    },
    "percentiles1": {
        "total": 2213,
        "ok": 2213,
        "ko": 0
    },
    "percentiles2": {
        "total": 2904,
        "ok": 2904,
        "ko": 0
    },
    "percentiles3": {
        "total": 2934,
        "ok": 2934,
        "ko": 0
    },
    "percentiles4": {
        "total": 2951,
        "ok": 2951,
        "ko": 0
    },
    "group1": {
    "name": "t < 800 ms",
    "count": 0,
    "percentage": 0
},
    "group2": {
    "name": "800 ms < t < 1200 ms",
    "count": 207,
    "percentage": 1
},
    "group3": {
    "name": "t > 1200 ms",
    "count": 35914,
    "percentage": 99
},
    "group4": {
    "name": "failed",
    "count": 0,
    "percentage": 0
},
    "meanNumberOfRequestsPerSecond": {
        "total": 197.38251366120218,
        "ok": 197.38251366120218,
        "ko": 0
    }
},
"contents": {
"req_get-http---loca-ff370": {
        "type": "REQUEST",
        "name": "GET http://localhost:8084",
"path": "GET http://localhost:8084",
"pathFormatted": "req_get-http---loca-ff370",
"stats": {
    "name": "GET http://localhost:8084",
    "numberOfRequests": {
        "total": 36121,
        "ok": 36121,
        "ko": 0
    },
    "minResponseTime": {
        "total": 1007,
        "ok": 1007,
        "ko": 0
    },
    "maxResponseTime": {
        "total": 3050,
        "ok": 3050,
        "ko": 0
    },
    "meanResponseTime": {
        "total": 2498,
        "ok": 2498,
        "ko": 0
    },
    "standardDeviation": {
        "total": 402,
        "ok": 402,
        "ko": 0
    },
    "percentiles1": {
        "total": 2213,
        "ok": 2213,
        "ko": 0
    },
    "percentiles2": {
        "total": 2904,
        "ok": 2904,
        "ko": 0
    },
    "percentiles3": {
        "total": 2934,
        "ok": 2934,
        "ko": 0
    },
    "percentiles4": {
        "total": 2951,
        "ok": 2951,
        "ko": 0
    },
    "group1": {
    "name": "t < 800 ms",
    "count": 0,
    "percentage": 0
},
    "group2": {
    "name": "800 ms < t < 1200 ms",
    "count": 207,
    "percentage": 1
},
    "group3": {
    "name": "t > 1200 ms",
    "count": 35914,
    "percentage": 99
},
    "group4": {
    "name": "failed",
    "count": 0,
    "percentage": 0
},
    "meanNumberOfRequestsPerSecond": {
        "total": 197.38251366120218,
        "ok": 197.38251366120218,
        "ko": 0
    }
}
    }
}

}