{
    "name": "Global Information",
    "numberOfRequests": {
        "total": 104384,
        "ok": 104383,
        "ko": 1
    },
    "minResponseTime": {
        "total": 1002,
        "ok": 1002,
        "ko": 1241
    },
    "maxResponseTime": {
        "total": 2441,
        "ok": 2441,
        "ko": 1241
    },
    "meanResponseTime": {
        "total": 1034,
        "ok": 1034,
        "ko": 1241
    },
    "standardDeviation": {
        "total": 99,
        "ok": 99,
        "ko": 0
    },
    "percentiles1": {
        "total": 1012,
        "ok": 1012,
        "ko": 1241
    },
    "percentiles2": {
        "total": 1024,
        "ok": 1024,
        "ko": 1241
    },
    "percentiles3": {
        "total": 1113,
        "ok": 1113,
        "ko": 1241
    },
    "percentiles4": {
        "total": 1525,
        "ok": 1526,
        "ko": 1241
    },
    "group1": {
    "name": "t < 800 ms",
    "count": 0,
    "percentage": 0
},
    "group2": {
    "name": "800 ms < t < 1200 ms",
    "count": 101530,
    "percentage": 97
},
    "group3": {
    "name": "t > 1200 ms",
    "count": 2853,
    "percentage": 3
},
    "group4": {
    "name": "failed",
    "count": 1,
    "percentage": 0
},
    "meanNumberOfRequestsPerSecond": {
        "total": 573.5384615384615,
        "ok": 573.532967032967,
        "ko": 0.005494505494505495
    }
}