{
  "type": "GROUP",
"name": "Global Information",
"path": "",
"pathFormatted": "group_missing-name-b06d1",
"stats": {
    "name": "Global Information",
    "numberOfRequests": {
        "total": 36084,
        "ok": 36084,
        "ko": 0
    },
    "minResponseTime": {
        "total": 1005,
        "ok": 1005,
        "ko": 0
    },
    "maxResponseTime": {
        "total": 2837,
        "ok": 2837,
        "ko": 0
    },
    "meanResponseTime": {
        "total": 2000,
        "ok": 2000,
        "ko": 0
    },
    "standardDeviation": {
        "total": 84,
        "ok": 84,
        "ko": 0
    },
    "percentiles1": {
        "total": 2007,
        "ok": 2007,
        "ko": 0
    },
    "percentiles2": {
        "total": 2010,
        "ok": 2010,
        "ko": 0
    },
    "percentiles3": {
        "total": 2020,
        "ok": 2020,
        "ko": 0
    },
    "percentiles4": {
        "total": 2036,
        "ok": 2036,
        "ko": 0
    },
    "group1": {
    "name": "t < 800 ms",
    "count": 0,
    "percentage": 0
},
    "group2": {
    "name": "800 ms < t < 1200 ms",
    "count": 205,
    "percentage": 1
},
    "group3": {
    "name": "t > 1200 ms",
    "count": 35879,
    "percentage": 99
},
    "group4": {
    "name": "failed",
    "count": 0,
    "percentage": 0
},
    "meanNumberOfRequestsPerSecond": {
        "total": 197.18032786885246,
        "ok": 197.18032786885246,
        "ko": 0
    }
},
"contents": {
"req_get-http---loca-ff370": {
        "type": "REQUEST",
        "name": "GET http://localhost:8084",
"path": "GET http://localhost:8084",
"pathFormatted": "req_get-http---loca-ff370",
"stats": {
    "name": "GET http://localhost:8084",
    "numberOfRequests": {
        "total": 36084,
        "ok": 36084,
        "ko": 0
    },
    "minResponseTime": {
        "total": 1005,
        "ok": 1005,
        "ko": 0
    },
    "maxResponseTime": {
        "total": 2837,
        "ok": 2837,
        "ko": 0
    },
    "meanResponseTime": {
        "total": 2000,
        "ok": 2000,
        "ko": 0
    },
    "standardDeviation": {
        "total": 84,
        "ok": 84,
        "ko": 0
    },
    "percentiles1": {
        "total": 2007,
        "ok": 2007,
        "ko": 0
    },
    "percentiles2": {
        "total": 2010,
        "ok": 2010,
        "ko": 0
    },
    "percentiles3": {
        "total": 2020,
        "ok": 2020,
        "ko": 0
    },
    "percentiles4": {
        "total": 2036,
        "ok": 2036,
        "ko": 0
    },
    "group1": {
    "name": "t < 800 ms",
    "count": 0,
    "percentage": 0
},
    "group2": {
    "name": "800 ms < t < 1200 ms",
    "count": 205,
    "percentage": 1
},
    "group3": {
    "name": "t > 1200 ms",
    "count": 35879,
    "percentage": 99
},
    "group4": {
    "name": "failed",
    "count": 0,
    "percentage": 0
},
    "meanNumberOfRequestsPerSecond": {
        "total": 197.18032786885246,
        "ok": 197.18032786885246,
        "ko": 0
    }
}
    }
}

}