{
    "name": "Global Information",
    "numberOfRequests": {
        "total": 35800,
        "ok": 35800,
        "ko": 0
    },
    "minResponseTime": {
        "total": 1001,
        "ok": 1001,
        "ko": 0
    },
    "maxResponseTime": {
        "total": 1137,
        "ok": 1137,
        "ko": 0
    },
    "meanResponseTime": {
        "total": 1006,
        "ok": 1006,
        "ko": 0
    },
    "standardDeviation": {
        "total": 4,
        "ok": 4,
        "ko": 0
    },
    "percentiles1": {
        "total": 1005,
        "ok": 1005,
        "ko": 0
    },
    "percentiles2": {
        "total": 1007,
        "ok": 1007,
        "ko": 0
    },
    "percentiles3": {
        "total": 1013,
        "ok": 1013,
        "ko": 0
    },
    "percentiles4": {
        "total": 1020,
        "ok": 1020,
        "ko": 0
    },
    "group1": {
    "name": "t < 800 ms",
    "count": 0,
    "percentage": 0
},
    "group2": {
    "name": "800 ms < t < 1200 ms",
    "count": 35800,
    "percentage": 100
},
    "group3": {
    "name": "t > 1200 ms",
    "count": 0,
    "percentage": 0
},
    "group4": {
    "name": "failed",
    "count": 0,
    "percentage": 0
},
    "meanNumberOfRequestsPerSecond": {
        "total": 197.79005524861878,
        "ok": 197.79005524861878,
        "ko": 0
    }
}