{
  "type": "GROUP",
"name": "Global Information",
"path": "",
"pathFormatted": "group_missing-name-b06d1",
"stats": {
    "name": "Global Information",
    "numberOfRequests": {
        "total": 88357,
        "ok": 88357,
        "ko": 0
    },
    "minResponseTime": {
        "total": 1001,
        "ok": 1001,
        "ko": 0
    },
    "maxResponseTime": {
        "total": 2191,
        "ok": 2191,
        "ko": 0
    },
    "meanResponseTime": {
        "total": 1019,
        "ok": 1019,
        "ko": 0
    },
    "standardDeviation": {
        "total": 49,
        "ok": 49,
        "ko": 0
    },
    "percentiles1": {
        "total": 1008,
        "ok": 1008,
        "ko": 0
    },
    "percentiles2": {
        "total": 1016,
        "ok": 1016,
        "ko": 0
    },
    "percentiles3": {
        "total": 1053,
        "ok": 1053,
        "ko": 0
    },
    "percentiles4": {
        "total": 1209,
        "ok": 1209,
        "ko": 0
    },
    "group1": {
    "name": "t < 800 ms",
    "count": 0,
    "percentage": 0
},
    "group2": {
    "name": "800 ms < t < 1200 ms",
    "count": 87435,
    "percentage": 99
},
    "group3": {
    "name": "t > 1200 ms",
    "count": 922,
    "percentage": 1
},
    "group4": {
    "name": "failed",
    "count": 0,
    "percentage": 0
},
    "meanNumberOfRequestsPerSecond": {
        "total": 485.47802197802196,
        "ok": 485.47802197802196,
        "ko": 0
    }
},
"contents": {
"req_get-http---loca-abe62": {
        "type": "REQUEST",
        "name": "GET http://localhost:8082",
"path": "GET http://localhost:8082",
"pathFormatted": "req_get-http---loca-abe62",
"stats": {
    "name": "GET http://localhost:8082",
    "numberOfRequests": {
        "total": 88357,
        "ok": 88357,
        "ko": 0
    },
    "minResponseTime": {
        "total": 1001,
        "ok": 1001,
        "ko": 0
    },
    "maxResponseTime": {
        "total": 2191,
        "ok": 2191,
        "ko": 0
    },
    "meanResponseTime": {
        "total": 1019,
        "ok": 1019,
        "ko": 0
    },
    "standardDeviation": {
        "total": 49,
        "ok": 49,
        "ko": 0
    },
    "percentiles1": {
        "total": 1008,
        "ok": 1008,
        "ko": 0
    },
    "percentiles2": {
        "total": 1016,
        "ok": 1016,
        "ko": 0
    },
    "percentiles3": {
        "total": 1053,
        "ok": 1053,
        "ko": 0
    },
    "percentiles4": {
        "total": 1209,
        "ok": 1209,
        "ko": 0
    },
    "group1": {
    "name": "t < 800 ms",
    "count": 0,
    "percentage": 0
},
    "group2": {
    "name": "800 ms < t < 1200 ms",
    "count": 87435,
    "percentage": 99
},
    "group3": {
    "name": "t > 1200 ms",
    "count": 922,
    "percentage": 1
},
    "group4": {
    "name": "failed",
    "count": 0,
    "percentage": 0
},
    "meanNumberOfRequestsPerSecond": {
        "total": 485.47802197802196,
        "ok": 485.47802197802196,
        "ko": 0
    }
}
    }
}

}