{
  "type": "GROUP",
"name": "Global Information",
"path": "",
"pathFormatted": "group_missing-name-b06d1",
"stats": {
    "name": "Global Information",
    "numberOfRequests": {
        "total": 106067,
        "ok": 106067,
        "ko": 0
    },
    "minResponseTime": {
        "total": 1002,
        "ok": 1002,
        "ko": 0
    },
    "maxResponseTime": {
        "total": 2059,
        "ok": 2059,
        "ko": 0
    },
    "meanResponseTime": {
        "total": 1018,
        "ok": 1018,
        "ko": 0
    },
    "standardDeviation": {
        "total": 34,
        "ok": 34,
        "ko": 0
    },
    "percentiles1": {
        "total": 1010,
        "ok": 1010,
        "ko": 0
    },
    "percentiles2": {
        "total": 1019,
        "ok": 1019,
        "ko": 0
    },
    "percentiles3": {
        "total": 1058,
        "ok": 1058,
        "ko": 0
    },
    "percentiles4": {
        "total": 1118,
        "ok": 1118,
        "ko": 0
    },
    "group1": {
    "name": "t < 800 ms",
    "count": 0,
    "percentage": 0
},
    "group2": {
    "name": "800 ms < t < 1200 ms",
    "count": 105810,
    "percentage": 100
},
    "group3": {
    "name": "t > 1200 ms",
    "count": 257,
    "percentage": 0
},
    "group4": {
    "name": "failed",
    "count": 0,
    "percentage": 0
},
    "meanNumberOfRequestsPerSecond": {
        "total": 586.0055248618785,
        "ok": 586.0055248618785,
        "ko": 0
    }
},
"contents": {
"req_get-http---loca-abe62": {
        "type": "REQUEST",
        "name": "GET http://localhost:8082",
"path": "GET http://localhost:8082",
"pathFormatted": "req_get-http---loca-abe62",
"stats": {
    "name": "GET http://localhost:8082",
    "numberOfRequests": {
        "total": 106067,
        "ok": 106067,
        "ko": 0
    },
    "minResponseTime": {
        "total": 1002,
        "ok": 1002,
        "ko": 0
    },
    "maxResponseTime": {
        "total": 2059,
        "ok": 2059,
        "ko": 0
    },
    "meanResponseTime": {
        "total": 1018,
        "ok": 1018,
        "ko": 0
    },
    "standardDeviation": {
        "total": 34,
        "ok": 34,
        "ko": 0
    },
    "percentiles1": {
        "total": 1010,
        "ok": 1010,
        "ko": 0
    },
    "percentiles2": {
        "total": 1019,
        "ok": 1019,
        "ko": 0
    },
    "percentiles3": {
        "total": 1058,
        "ok": 1058,
        "ko": 0
    },
    "percentiles4": {
        "total": 1118,
        "ok": 1118,
        "ko": 0
    },
    "group1": {
    "name": "t < 800 ms",
    "count": 0,
    "percentage": 0
},
    "group2": {
    "name": "800 ms < t < 1200 ms",
    "count": 105810,
    "percentage": 100
},
    "group3": {
    "name": "t > 1200 ms",
    "count": 257,
    "percentage": 0
},
    "group4": {
    "name": "failed",
    "count": 0,
    "percentage": 0
},
    "meanNumberOfRequestsPerSecond": {
        "total": 586.0055248618785,
        "ok": 586.0055248618785,
        "ko": 0
    }
}
    }
}

}