{
    "name": "Global Information",
    "numberOfRequests": {
        "total": 163872,
        "ok": 163872,
        "ko": 0
    },
    "minResponseTime": {
        "total": 1002,
        "ok": 1002,
        "ko": 0
    },
    "maxResponseTime": {
        "total": 2526,
        "ok": 2526,
        "ko": 0
    },
    "meanResponseTime": {
        "total": 1099,
        "ok": 1099,
        "ko": 0
    },
    "standardDeviation": {
        "total": 119,
        "ok": 119,
        "ko": 0
    },
    "percentiles1": {
        "total": 1062,
        "ok": 1062,
        "ko": 0
    },
    "percentiles2": {
        "total": 1124,
        "ok": 1124,
        "ko": 0
    },
    "percentiles3": {
        "total": 1307,
        "ok": 1307,
        "ko": 0
    },
    "percentiles4": {
        "total": 1569,
        "ok": 1569,
        "ko": 0
    },
    "group1": {
    "name": "t < 800 ms",
    "count": 0,
    "percentage": 0
},
    "group2": {
    "name": "800 ms < t < 1200 ms",
    "count": 144688,
    "percentage": 88
},
    "group3": {
    "name": "t > 1200 ms",
    "count": 19184,
    "percentage": 12
},
    "group4": {
    "name": "failed",
    "count": 0,
    "percentage": 0
},
    "meanNumberOfRequestsPerSecond": {
        "total": 900.3956043956044,
        "ok": 900.3956043956044,
        "ko": 0
    }
}