{
    "name": "Global Information",
    "numberOfRequests": {
        "total": 53231,
        "ok": 53231,
        "ko": 0
    },
    "minResponseTime": {
        "total": 1001,
        "ok": 1001,
        "ko": 0
    },
    "maxResponseTime": {
        "total": 2021,
        "ok": 2021,
        "ko": 0
    },
    "meanResponseTime": {
        "total": 1016,
        "ok": 1016,
        "ko": 0
    },
    "standardDeviation": {
        "total": 45,
        "ok": 45,
        "ko": 0
    },
    "percentiles1": {
        "total": 1007,
        "ok": 1007,
        "ko": 0
    },
    "percentiles2": {
        "total": 1012,
        "ok": 1012,
        "ko": 0
    },
    "percentiles3": {
        "total": 1043,
        "ok": 1043,
        "ko": 0
    },
    "percentiles4": {
        "total": 1153,
        "ok": 1153,
        "ko": 0
    },
    "group1": {
    "name": "t < 800 ms",
    "count": 0,
    "percentage": 0
},
    "group2": {
    "name": "800 ms < t < 1200 ms",
    "count": 52801,
    "percentage": 99
},
    "group3": {
    "name": "t > 1200 ms",
    "count": 430,
    "percentage": 1
},
    "group4": {
    "name": "failed",
    "count": 0,
    "percentage": 0
},
    "meanNumberOfRequestsPerSecond": {
        "total": 294.0939226519337,
        "ok": 294.0939226519337,
        "ko": 0
    }
}