{
  "type": "GROUP",
"name": "Global Information",
"path": "",
"pathFormatted": "group_missing-name-b06d1",
"stats": {
    "name": "Global Information",
    "numberOfRequests": {
        "total": 88376,
        "ok": 88376,
        "ko": 0
    },
    "minResponseTime": {
        "total": 1002,
        "ok": 1002,
        "ko": 0
    },
    "maxResponseTime": {
        "total": 2414,
        "ok": 2414,
        "ko": 0
    },
    "meanResponseTime": {
        "total": 1018,
        "ok": 1018,
        "ko": 0
    },
    "standardDeviation": {
        "total": 56,
        "ok": 56,
        "ko": 0
    },
    "percentiles1": {
        "total": 1009,
        "ok": 1009,
        "ko": 0
    },
    "percentiles2": {
        "total": 1016,
        "ok": 1016,
        "ko": 0
    },
    "percentiles3": {
        "total": 1040,
        "ok": 1040,
        "ko": 0
    },
    "percentiles4": {
        "total": 1201,
        "ok": 1201,
        "ko": 0
    },
    "group1": {
    "name": "t < 800 ms",
    "count": 0,
    "percentage": 0
},
    "group2": {
    "name": "800 ms < t < 1200 ms",
    "count": 87489,
    "percentage": 99
},
    "group3": {
    "name": "t > 1200 ms",
    "count": 887,
    "percentage": 1
},
    "group4": {
    "name": "failed",
    "count": 0,
    "percentage": 0
},
    "meanNumberOfRequestsPerSecond": {
        "total": 485.5824175824176,
        "ok": 485.5824175824176,
        "ko": 0
    }
},
"contents": {
"req_get-http---loca-fb8b2": {
        "type": "REQUEST",
        "name": "GET http://localhost:8085",
"path": "GET http://localhost:8085",
"pathFormatted": "req_get-http---loca-fb8b2",
"stats": {
    "name": "GET http://localhost:8085",
    "numberOfRequests": {
        "total": 88376,
        "ok": 88376,
        "ko": 0
    },
    "minResponseTime": {
        "total": 1002,
        "ok": 1002,
        "ko": 0
    },
    "maxResponseTime": {
        "total": 2414,
        "ok": 2414,
        "ko": 0
    },
    "meanResponseTime": {
        "total": 1018,
        "ok": 1018,
        "ko": 0
    },
    "standardDeviation": {
        "total": 56,
        "ok": 56,
        "ko": 0
    },
    "percentiles1": {
        "total": 1009,
        "ok": 1009,
        "ko": 0
    },
    "percentiles2": {
        "total": 1016,
        "ok": 1016,
        "ko": 0
    },
    "percentiles3": {
        "total": 1040,
        "ok": 1040,
        "ko": 0
    },
    "percentiles4": {
        "total": 1200,
        "ok": 1201,
        "ko": 0
    },
    "group1": {
    "name": "t < 800 ms",
    "count": 0,
    "percentage": 0
},
    "group2": {
    "name": "800 ms < t < 1200 ms",
    "count": 87489,
    "percentage": 99
},
    "group3": {
    "name": "t > 1200 ms",
    "count": 887,
    "percentage": 1
},
    "group4": {
    "name": "failed",
    "count": 0,
    "percentage": 0
},
    "meanNumberOfRequestsPerSecond": {
        "total": 485.5824175824176,
        "ok": 485.5824175824176,
        "ko": 0
    }
}
    }
}

}