{
  "type": "GROUP",
"name": "Global Information",
"path": "",
"pathFormatted": "group_missing-name-b06d1",
"stats": {
    "name": "Global Information",
    "numberOfRequests": {
        "total": 145322,
        "ok": 145322,
        "ko": 0
    },
    "minResponseTime": {
        "total": 1002,
        "ok": 1002,
        "ko": 0
    },
    "maxResponseTime": {
        "total": 2295,
        "ok": 2295,
        "ko": 0
    },
    "meanResponseTime": {
        "total": 1114,
        "ok": 1114,
        "ko": 0
    },
    "standardDeviation": {
        "total": 134,
        "ok": 134,
        "ko": 0
    },
    "percentiles1": {
        "total": 1075,
        "ok": 1075,
        "ko": 0
    },
    "percentiles2": {
        "total": 1152,
        "ok": 1152,
        "ko": 0
    },
    "percentiles3": {
        "total": 1361,
        "ok": 1361,
        "ko": 0
    },
    "percentiles4": {
        "total": 1670,
        "ok": 1670,
        "ko": 0
    },
    "group1": {
    "name": "t < 800 ms",
    "count": 0,
    "percentage": 0
},
    "group2": {
    "name": "800 ms < t < 1200 ms",
    "count": 122538,
    "percentage": 84
},
    "group3": {
    "name": "t > 1200 ms",
    "count": 22784,
    "percentage": 16
},
    "group4": {
    "name": "failed",
    "count": 0,
    "percentage": 0
},
    "meanNumberOfRequestsPerSecond": {
        "total": 798.4725274725274,
        "ok": 798.4725274725274,
        "ko": 0
    }
},
"contents": {
"req_get-http---loca-fb8b2": {
        "type": "REQUEST",
        "name": "GET http://localhost:8085",
"path": "GET http://localhost:8085",
"pathFormatted": "req_get-http---loca-fb8b2",
"stats": {
    "name": "GET http://localhost:8085",
    "numberOfRequests": {
        "total": 145322,
        "ok": 145322,
        "ko": 0
    },
    "minResponseTime": {
        "total": 1002,
        "ok": 1002,
        "ko": 0
    },
    "maxResponseTime": {
        "total": 2295,
        "ok": 2295,
        "ko": 0
    },
    "meanResponseTime": {
        "total": 1114,
        "ok": 1114,
        "ko": 0
    },
    "standardDeviation": {
        "total": 134,
        "ok": 134,
        "ko": 0
    },
    "percentiles1": {
        "total": 1075,
        "ok": 1075,
        "ko": 0
    },
    "percentiles2": {
        "total": 1152,
        "ok": 1152,
        "ko": 0
    },
    "percentiles3": {
        "total": 1361,
        "ok": 1361,
        "ko": 0
    },
    "percentiles4": {
        "total": 1670,
        "ok": 1670,
        "ko": 0
    },
    "group1": {
    "name": "t < 800 ms",
    "count": 0,
    "percentage": 0
},
    "group2": {
    "name": "800 ms < t < 1200 ms",
    "count": 122538,
    "percentage": 84
},
    "group3": {
    "name": "t > 1200 ms",
    "count": 22784,
    "percentage": 16
},
    "group4": {
    "name": "failed",
    "count": 0,
    "percentage": 0
},
    "meanNumberOfRequestsPerSecond": {
        "total": 798.4725274725274,
        "ok": 798.4725274725274,
        "ko": 0
    }
}
    }
}

}