{
    "name": "Global Information",
    "numberOfRequests": {
        "total": 35966,
        "ok": 35966,
        "ko": 0
    },
    "minResponseTime": {
        "total": 1004,
        "ok": 1004,
        "ko": 0
    },
    "maxResponseTime": {
        "total": 1915,
        "ok": 1915,
        "ko": 0
    },
    "meanResponseTime": {
        "total": 1502,
        "ok": 1502,
        "ko": 0
    },
    "standardDeviation": {
        "total": 280,
        "ok": 280,
        "ko": 0
    },
    "percentiles1": {
        "total": 1373,
        "ok": 1373,
        "ko": 0
    },
    "percentiles2": {
        "total": 1795,
        "ok": 1795,
        "ko": 0
    },
    "percentiles3": {
        "total": 1865,
        "ok": 1865,
        "ko": 0
    },
    "percentiles4": {
        "total": 1893,
        "ok": 1893,
        "ko": 0
    },
    "group1": {
    "name": "t < 800 ms",
    "count": 0,
    "percentage": 0
},
    "group2": {
    "name": "800 ms < t < 1200 ms",
    "count": 7610,
    "percentage": 21
},
    "group3": {
    "name": "t > 1200 ms",
    "count": 28356,
    "percentage": 79
},
    "group4": {
    "name": "failed",
    "count": 0,
    "percentage": 0
},
    "meanNumberOfRequestsPerSecond": {
        "total": 197.6153846153846,
        "ok": 197.6153846153846,
        "ko": 0
    }
}