{
    "name": "Global Information",
    "numberOfRequests": {
        "total": 53600,
        "ok": 53600,
        "ko": 0
    },
    "minResponseTime": {
        "total": 1002,
        "ok": 1002,
        "ko": 0
    },
    "maxResponseTime": {
        "total": 1142,
        "ok": 1142,
        "ko": 0
    },
    "meanResponseTime": {
        "total": 1008,
        "ok": 1008,
        "ko": 0
    },
    "standardDeviation": {
        "total": 6,
        "ok": 6,
        "ko": 0
    },
    "percentiles1": {
        "total": 1006,
        "ok": 1006,
        "ko": 0
    },
    "percentiles2": {
        "total": 1009,
        "ok": 1009,
        "ko": 0
    },
    "percentiles3": {
        "total": 1017,
        "ok": 1017,
        "ko": 0
    },
    "percentiles4": {
        "total": 1031,
        "ok": 1031,
        "ko": 0
    },
    "group1": {
    "name": "t < 800 ms",
    "count": 0,
    "percentage": 0
},
    "group2": {
    "name": "800 ms < t < 1200 ms",
    "count": 53600,
    "percentage": 100
},
    "group3": {
    "name": "t > 1200 ms",
    "count": 0,
    "percentage": 0
},
    "group4": {
    "name": "failed",
    "count": 0,
    "percentage": 0
},
    "meanNumberOfRequestsPerSecond": {
        "total": 296.1325966850829,
        "ok": 296.1325966850829,
        "ko": 0
    }
}