{
    "name": "Global Information",
    "numberOfRequests": {
        "total": 155167,
        "ok": 155167,
        "ko": 0
    },
    "minResponseTime": {
        "total": 1002,
        "ok": 1002,
        "ko": 0
    },
    "maxResponseTime": {
        "total": 2279,
        "ok": 2279,
        "ko": 0
    },
    "meanResponseTime": {
        "total": 1044,
        "ok": 1044,
        "ko": 0
    },
    "standardDeviation": {
        "total": 89,
        "ok": 89,
        "ko": 0
    },
    "percentiles1": {
        "total": 1021,
        "ok": 1021,
        "ko": 0
    },
    "percentiles2": {
        "total": 1043,
        "ok": 1043,
        "ko": 0
    },
    "percentiles3": {
        "total": 1133,
        "ok": 1132,
        "ko": 0
    },
    "percentiles4": {
        "total": 1470,
        "ok": 1470,
        "ko": 0
    },
    "group1": {
    "name": "t < 800 ms",
    "count": 0,
    "percentage": 0
},
    "group2": {
    "name": "800 ms < t < 1200 ms",
    "count": 150611,
    "percentage": 97
},
    "group3": {
    "name": "t > 1200 ms",
    "count": 4556,
    "percentage": 3
},
    "group4": {
    "name": "failed",
    "count": 0,
    "percentage": 0
},
    "meanNumberOfRequestsPerSecond": {
        "total": 852.565934065934,
        "ok": 852.565934065934,
        "ko": 0
    }
}