{
    "name": "Global Information",
    "numberOfRequests": {
        "total": 17867,
        "ok": 17867,
        "ko": 0
    },
    "minResponseTime": {
        "total": 1002,
        "ok": 1002,
        "ko": 0
    },
    "maxResponseTime": {
        "total": 1128,
        "ok": 1128,
        "ko": 0
    },
    "meanResponseTime": {
        "total": 1008,
        "ok": 1008,
        "ko": 0
    },
    "standardDeviation": {
        "total": 5,
        "ok": 5,
        "ko": 0
    },
    "percentiles1": {
        "total": 1007,
        "ok": 1007,
        "ko": 0
    },
    "percentiles2": {
        "total": 1009,
        "ok": 1009,
        "ko": 0
    },
    "percentiles3": {
        "total": 1014,
        "ok": 1014,
        "ko": 0
    },
    "percentiles4": {
        "total": 1020,
        "ok": 1020,
        "ko": 0
    },
    "group1": {
    "name": "t < 800 ms",
    "count": 0,
    "percentage": 0
},
    "group2": {
    "name": "800 ms < t < 1200 ms",
    "count": 17867,
    "percentage": 100
},
    "group3": {
    "name": "t > 1200 ms",
    "count": 0,
    "percentage": 0
},
    "group4": {
    "name": "failed",
    "count": 0,
    "percentage": 0
},
    "meanNumberOfRequestsPerSecond": {
        "total": 98.71270718232044,
        "ok": 98.71270718232044,
        "ko": 0
    }
}