{
    "name": "Global Information",
    "numberOfRequests": {
        "total": 138075,
        "ok": 138075,
        "ko": 0
    },
    "minResponseTime": {
        "total": 1002,
        "ok": 1002,
        "ko": 0
    },
    "maxResponseTime": {
        "total": 2620,
        "ok": 2620,
        "ko": 0
    },
    "meanResponseTime": {
        "total": 1043,
        "ok": 1043,
        "ko": 0
    },
    "standardDeviation": {
        "total": 79,
        "ok": 79,
        "ko": 0
    },
    "percentiles1": {
        "total": 1021,
        "ok": 1021,
        "ko": 0
    },
    "percentiles2": {
        "total": 1043,
        "ok": 1043,
        "ko": 0
    },
    "percentiles3": {
        "total": 1145,
        "ok": 1145,
        "ko": 0
    },
    "percentiles4": {
        "total": 1388,
        "ok": 1388,
        "ko": 0
    },
    "group1": {
    "name": "t < 800 ms",
    "count": 0,
    "percentage": 0
},
    "group2": {
    "name": "800 ms < t < 1200 ms",
    "count": 133555,
    "percentage": 97
},
    "group3": {
    "name": "t > 1200 ms",
    "count": 4520,
    "percentage": 3
},
    "group4": {
    "name": "failed",
    "count": 0,
    "percentage": 0
},
    "meanNumberOfRequestsPerSecond": {
        "total": 758.6538461538462,
        "ok": 758.6538461538462,
        "ko": 0
    }
}