{
  "type": "GROUP",
"name": "Global Information",
"path": "",
"pathFormatted": "group_missing-name-b06d1",
"stats": {
    "name": "Global Information",
    "numberOfRequests": {
        "total": 151917,
        "ok": 151917,
        "ko": 0
    },
    "minResponseTime": {
        "total": 1002,
        "ok": 1002,
        "ko": 0
    },
    "maxResponseTime": {
        "total": 2288,
        "ok": 2288,
        "ko": 0
    },
    "meanResponseTime": {
        "total": 1068,
        "ok": 1068,
        "ko": 0
    },
    "standardDeviation": {
        "total": 99,
        "ok": 99,
        "ko": 0
    },
    "percentiles1": {
        "total": 1037,
        "ok": 1037,
        "ko": 0
    },
    "percentiles2": {
        "total": 1079,
        "ok": 1079,
        "ko": 0
    },
    "percentiles3": {
        "total": 1225,
        "ok": 1225,
        "ko": 0
    },
    "percentiles4": {
        "total": 1519,
        "ok": 1519,
        "ko": 0
    },
    "group1": {
    "name": "t < 800 ms",
    "count": 0,
    "percentage": 0
},
    "group2": {
    "name": "800 ms < t < 1200 ms",
    "count": 142555,
    "percentage": 94
},
    "group3": {
    "name": "t > 1200 ms",
    "count": 9362,
    "percentage": 6
},
    "group4": {
    "name": "failed",
    "count": 0,
    "percentage": 0
},
    "meanNumberOfRequestsPerSecond": {
        "total": 834.7087912087912,
        "ok": 834.7087912087912,
        "ko": 0
    }
},
"contents": {
"req_get-http---loca-ec05c": {
        "type": "REQUEST",
        "name": "GET http://localhost:8081",
"path": "GET http://localhost:8081",
"pathFormatted": "req_get-http---loca-ec05c",
"stats": {
    "name": "GET http://localhost:8081",
    "numberOfRequests": {
        "total": 151917,
        "ok": 151917,
        "ko": 0
    },
    "minResponseTime": {
        "total": 1002,
        "ok": 1002,
        "ko": 0
    },
    "maxResponseTime": {
        "total": 2288,
        "ok": 2288,
        "ko": 0
    },
    "meanResponseTime": {
        "total": 1068,
        "ok": 1068,
        "ko": 0
    },
    "standardDeviation": {
        "total": 99,
        "ok": 99,
        "ko": 0
    },
    "percentiles1": {
        "total": 1037,
        "ok": 1037,
        "ko": 0
    },
    "percentiles2": {
        "total": 1079,
        "ok": 1079,
        "ko": 0
    },
    "percentiles3": {
        "total": 1225,
        "ok": 1225,
        "ko": 0
    },
    "percentiles4": {
        "total": 1519,
        "ok": 1519,
        "ko": 0
    },
    "group1": {
    "name": "t < 800 ms",
    "count": 0,
    "percentage": 0
},
    "group2": {
    "name": "800 ms < t < 1200 ms",
    "count": 142555,
    "percentage": 94
},
    "group3": {
    "name": "t > 1200 ms",
    "count": 9362,
    "percentage": 6
},
    "group4": {
    "name": "failed",
    "count": 0,
    "percentage": 0
},
    "meanNumberOfRequestsPerSecond": {
        "total": 834.7087912087912,
        "ok": 834.7087912087912,
        "ko": 0
    }
}
    }
}

}