{
    "name": "Global Information",
    "numberOfRequests": {
        "total": 88293,
        "ok": 88293,
        "ko": 0
    },
    "minResponseTime": {
        "total": 1001,
        "ok": 1001,
        "ko": 0
    },
    "maxResponseTime": {
        "total": 2287,
        "ok": 2287,
        "ko": 0
    },
    "meanResponseTime": {
        "total": 1018,
        "ok": 1018,
        "ko": 0
    },
    "standardDeviation": {
        "total": 79,
        "ok": 79,
        "ko": 0
    },
    "percentiles1": {
        "total": 1006,
        "ok": 1006,
        "ko": 0
    },
    "percentiles2": {
        "total": 1011,
        "ok": 1011,
        "ko": 0
    },
    "percentiles3": {
        "total": 1038,
        "ok": 1038,
        "ko": 0
    },
    "percentiles4": {
        "total": 1246,
        "ok": 1246,
        "ko": 0
    },
    "group1": {
    "name": "t < 800 ms",
    "count": 0,
    "percentage": 0
},
    "group2": {
    "name": "800 ms < t < 1200 ms",
    "count": 87212,
    "percentage": 99
},
    "group3": {
    "name": "t > 1200 ms",
    "count": 1081,
    "percentage": 1
},
    "group4": {
    "name": "failed",
    "count": 0,
    "percentage": 0
},
    "meanNumberOfRequestsPerSecond": {
        "total": 485.1263736263736,
        "ok": 485.1263736263736,
        "ko": 0
    }
}