{
    "name": "Global Information",
    "numberOfRequests": {
        "total": 36373,
        "ok": 36373,
        "ko": 0
    },
    "minResponseTime": {
        "total": 1004,
        "ok": 1004,
        "ko": 0
    },
    "maxResponseTime": {
        "total": 5135,
        "ok": 5135,
        "ko": 0
    },
    "meanResponseTime": {
        "total": 3984,
        "ok": 3984,
        "ko": 0
    },
    "standardDeviation": {
        "total": 302,
        "ok": 302,
        "ko": 0
    },
    "percentiles1": {
        "total": 4019,
        "ok": 4019,
        "ko": 0
    },
    "percentiles2": {
        "total": 4027,
        "ok": 4027,
        "ko": 0
    },
    "percentiles3": {
        "total": 4051,
        "ok": 4051,
        "ko": 0
    },
    "percentiles4": {
        "total": 4090,
        "ok": 4090,
        "ko": 0
    },
    "group1": {
    "name": "t < 800 ms",
    "count": 0,
    "percentage": 0
},
    "group2": {
    "name": "800 ms < t < 1200 ms",
    "count": 208,
    "percentage": 1
},
    "group3": {
    "name": "t > 1200 ms",
    "count": 36165,
    "percentage": 99
},
    "group4": {
    "name": "failed",
    "count": 0,
    "percentage": 0
},
    "meanNumberOfRequestsPerSecond": {
        "total": 197.67934782608697,
        "ok": 197.67934782608697,
        "ko": 0
    }
}