{
  "type": "GROUP",
"name": "Global Information",
"path": "",
"pathFormatted": "group_missing-name-b06d1",
"stats": {
    "name": "Global Information",
    "numberOfRequests": {
        "total": 122037,
        "ok": 122037,
        "ko": 0
    },
    "minResponseTime": {
        "total": 1002,
        "ok": 1002,
        "ko": 0
    },
    "maxResponseTime": {
        "total": 2286,
        "ok": 2286,
        "ko": 0
    },
    "meanResponseTime": {
        "total": 1033,
        "ok": 1033,
        "ko": 0
    },
    "standardDeviation": {
        "total": 83,
        "ok": 83,
        "ko": 0
    },
    "percentiles1": {
        "total": 1012,
        "ok": 1012,
        "ko": 0
    },
    "percentiles2": {
        "total": 1026,
        "ok": 1026,
        "ko": 0
    },
    "percentiles3": {
        "total": 1116,
        "ok": 1116,
        "ko": 0
    },
    "percentiles4": {
        "total": 1397,
        "ok": 1397,
        "ko": 0
    },
    "group1": {
    "name": "t < 800 ms",
    "count": 0,
    "percentage": 0
},
    "group2": {
    "name": "800 ms < t < 1200 ms",
    "count": 119001,
    "percentage": 98
},
    "group3": {
    "name": "t > 1200 ms",
    "count": 3036,
    "percentage": 2
},
    "group4": {
    "name": "failed",
    "count": 0,
    "percentage": 0
},
    "meanNumberOfRequestsPerSecond": {
        "total": 674.2375690607735,
        "ok": 674.2375690607735,
        "ko": 0
    }
},
"contents": {
"req_get-http---loca-ec05c": {
        "type": "REQUEST",
        "name": "GET http://localhost:8081",
"path": "GET http://localhost:8081",
"pathFormatted": "req_get-http---loca-ec05c",
"stats": {
    "name": "GET http://localhost:8081",
    "numberOfRequests": {
        "total": 122037,
        "ok": 122037,
        "ko": 0
    },
    "minResponseTime": {
        "total": 1002,
        "ok": 1002,
        "ko": 0
    },
    "maxResponseTime": {
        "total": 2286,
        "ok": 2286,
        "ko": 0
    },
    "meanResponseTime": {
        "total": 1033,
        "ok": 1033,
        "ko": 0
    },
    "standardDeviation": {
        "total": 83,
        "ok": 83,
        "ko": 0
    },
    "percentiles1": {
        "total": 1012,
        "ok": 1012,
        "ko": 0
    },
    "percentiles2": {
        "total": 1026,
        "ok": 1026,
        "ko": 0
    },
    "percentiles3": {
        "total": 1116,
        "ok": 1116,
        "ko": 0
    },
    "percentiles4": {
        "total": 1397,
        "ok": 1397,
        "ko": 0
    },
    "group1": {
    "name": "t < 800 ms",
    "count": 0,
    "percentage": 0
},
    "group2": {
    "name": "800 ms < t < 1200 ms",
    "count": 119001,
    "percentage": 98
},
    "group3": {
    "name": "t > 1200 ms",
    "count": 3036,
    "percentage": 2
},
    "group4": {
    "name": "failed",
    "count": 0,
    "percentage": 0
},
    "meanNumberOfRequestsPerSecond": {
        "total": 674.2375690607735,
        "ok": 674.2375690607735,
        "ko": 0
    }
}
    }
}

}