{
    "name": "Global Information",
    "numberOfRequests": {
        "total": 71299,
        "ok": 71299,
        "ko": 0
    },
    "minResponseTime": {
        "total": 1001,
        "ok": 1001,
        "ko": 0
    },
    "maxResponseTime": {
        "total": 1181,
        "ok": 1181,
        "ko": 0
    },
    "meanResponseTime": {
        "total": 1010,
        "ok": 1010,
        "ko": 0
    },
    "standardDeviation": {
        "total": 10,
        "ok": 10,
        "ko": 0
    },
    "percentiles1": {
        "total": 1007,
        "ok": 1007,
        "ko": 0
    },
    "percentiles2": {
        "total": 1011,
        "ok": 1011,
        "ko": 0
    },
    "percentiles3": {
        "total": 1026,
        "ok": 1026,
        "ko": 0
    },
    "percentiles4": {
        "total": 1054,
        "ok": 1054,
        "ko": 0
    },
    "group1": {
    "name": "t < 800 ms",
    "count": 0,
    "percentage": 0
},
    "group2": {
    "name": "800 ms < t < 1200 ms",
    "count": 71299,
    "percentage": 100
},
    "group3": {
    "name": "t > 1200 ms",
    "count": 0,
    "percentage": 0
},
    "group4": {
    "name": "failed",
    "count": 0,
    "percentage": 0
},
    "meanNumberOfRequestsPerSecond": {
        "total": 391.75274725274727,
        "ok": 391.75274725274727,
        "ko": 0
    }
}