{
    "name": "Global Information",
    "numberOfRequests": {
        "total": 17874,
        "ok": 17874,
        "ko": 0
    },
    "minResponseTime": {
        "total": 1002,
        "ok": 1002,
        "ko": 0
    },
    "maxResponseTime": {
        "total": 1040,
        "ok": 1040,
        "ko": 0
    },
    "meanResponseTime": {
        "total": 1006,
        "ok": 1006,
        "ko": 0
    },
    "standardDeviation": {
        "total": 3,
        "ok": 3,
        "ko": 0
    },
    "percentiles1": {
        "total": 1006,
        "ok": 1006,
        "ko": 0
    },
    "percentiles2": {
        "total": 1007,
        "ok": 1007,
        "ko": 0
    },
    "percentiles3": {
        "total": 1011,
        "ok": 1011,
        "ko": 0
    },
    "percentiles4": {
        "total": 1016,
        "ok": 1016,
        "ko": 0
    },
    "group1": {
    "name": "t < 800 ms",
    "count": 0,
    "percentage": 0
},
    "group2": {
    "name": "800 ms < t < 1200 ms",
    "count": 17874,
    "percentage": 100
},
    "group3": {
    "name": "t > 1200 ms",
    "count": 0,
    "percentage": 0
},
    "group4": {
    "name": "failed",
    "count": 0,
    "percentage": 0
},
    "meanNumberOfRequestsPerSecond": {
        "total": 98.7513812154696,
        "ok": 98.7513812154696,
        "ko": 0
    }
}