{
    "name": "Global Information",
    "numberOfRequests": {
        "total": 70958,
        "ok": 70958,
        "ko": 0
    },
    "minResponseTime": {
        "total": 1002,
        "ok": 1002,
        "ko": 0
    },
    "maxResponseTime": {
        "total": 2149,
        "ok": 2149,
        "ko": 0
    },
    "meanResponseTime": {
        "total": 1015,
        "ok": 1015,
        "ko": 0
    },
    "standardDeviation": {
        "total": 52,
        "ok": 52,
        "ko": 0
    },
    "percentiles1": {
        "total": 1007,
        "ok": 1007,
        "ko": 0
    },
    "percentiles2": {
        "total": 1011,
        "ok": 1011,
        "ko": 0
    },
    "percentiles3": {
        "total": 1027,
        "ok": 1027,
        "ko": 0
    },
    "percentiles4": {
        "total": 1194,
        "ok": 1194,
        "ko": 0
    },
    "group1": {
    "name": "t < 800 ms",
    "count": 0,
    "percentage": 0
},
    "group2": {
    "name": "800 ms < t < 1200 ms",
    "count": 70262,
    "percentage": 99
},
    "group3": {
    "name": "t > 1200 ms",
    "count": 696,
    "percentage": 1
},
    "group4": {
    "name": "failed",
    "count": 0,
    "percentage": 0
},
    "meanNumberOfRequestsPerSecond": {
        "total": 389.8791208791209,
        "ok": 389.8791208791209,
        "ko": 0
    }
}