{
  "type": "GROUP",
"name": "Global Information",
"path": "",
"pathFormatted": "group_missing-name-b06d1",
"stats": {
    "name": "Global Information",
    "numberOfRequests": {
        "total": 64309,
        "ok": 64309,
        "ko": 0
    },
    "minResponseTime": {
        "total": 1035,
        "ok": 1035,
        "ko": 0
    },
    "maxResponseTime": {
        "total": 3048,
        "ok": 3048,
        "ko": 0
    },
    "meanResponseTime": {
        "total": 1958,
        "ok": 1958,
        "ko": 0
    },
    "standardDeviation": {
        "total": 232,
        "ok": 232,
        "ko": 0
    },
    "percentiles1": {
        "total": 1987,
        "ok": 1987,
        "ko": 0
    },
    "percentiles2": {
        "total": 2085,
        "ok": 2085,
        "ko": 0
    },
    "percentiles3": {
        "total": 2260,
        "ok": 2260,
        "ko": 0
    },
    "percentiles4": {
        "total": 2401,
        "ok": 2401,
        "ko": 0
    },
    "group1": {
    "name": "t < 800 ms",
    "count": 0,
    "percentage": 0
},
    "group2": {
    "name": "800 ms < t < 1200 ms",
    "count": 1070,
    "percentage": 2
},
    "group3": {
    "name": "t > 1200 ms",
    "count": 63239,
    "percentage": 98
},
    "group4": {
    "name": "failed",
    "count": 0,
    "percentage": 0
},
    "meanNumberOfRequestsPerSecond": {
        "total": 355.29834254143645,
        "ok": 355.29834254143645,
        "ko": 0
    }
},
"contents": {
"req_get-http---loca-e41be": {
        "type": "REQUEST",
        "name": "GET http://localhost:8086",
"path": "GET http://localhost:8086",
"pathFormatted": "req_get-http---loca-e41be",
"stats": {
    "name": "GET http://localhost:8086",
    "numberOfRequests": {
        "total": 64309,
        "ok": 64309,
        "ko": 0
    },
    "minResponseTime": {
        "total": 1035,
        "ok": 1035,
        "ko": 0
    },
    "maxResponseTime": {
        "total": 3048,
        "ok": 3048,
        "ko": 0
    },
    "meanResponseTime": {
        "total": 1958,
        "ok": 1958,
        "ko": 0
    },
    "standardDeviation": {
        "total": 232,
        "ok": 232,
        "ko": 0
    },
    "percentiles1": {
        "total": 1987,
        "ok": 1987,
        "ko": 0
    },
    "percentiles2": {
        "total": 2085,
        "ok": 2085,
        "ko": 0
    },
    "percentiles3": {
        "total": 2260,
        "ok": 2260,
        "ko": 0
    },
    "percentiles4": {
        "total": 2401,
        "ok": 2401,
        "ko": 0
    },
    "group1": {
    "name": "t < 800 ms",
    "count": 0,
    "percentage": 0
},
    "group2": {
    "name": "800 ms < t < 1200 ms",
    "count": 1070,
    "percentage": 2
},
    "group3": {
    "name": "t > 1200 ms",
    "count": 63239,
    "percentage": 98
},
    "group4": {
    "name": "failed",
    "count": 0,
    "percentage": 0
},
    "meanNumberOfRequestsPerSecond": {
        "total": 355.29834254143645,
        "ok": 355.29834254143645,
        "ko": 0
    }
}
    }
}

}