{
  "type": "GROUP",
"name": "Global Information",
"path": "",
"pathFormatted": "group_missing-name-b06d1",
"stats": {
    "name": "Global Information",
    "numberOfRequests": {
        "total": 70796,
        "ok": 70796,
        "ko": 0
    },
    "minResponseTime": {
        "total": 1001,
        "ok": 1001,
        "ko": 0
    },
    "maxResponseTime": {
        "total": 2149,
        "ok": 2149,
        "ko": 0
    },
    "meanResponseTime": {
        "total": 1017,
        "ok": 1017,
        "ko": 0
    },
    "standardDeviation": {
        "total": 57,
        "ok": 57,
        "ko": 0
    },
    "percentiles1": {
        "total": 1008,
        "ok": 1008,
        "ko": 0
    },
    "percentiles2": {
        "total": 1014,
        "ok": 1014,
        "ko": 0
    },
    "percentiles3": {
        "total": 1040,
        "ok": 1040,
        "ko": 0
    },
    "percentiles4": {
        "total": 1153,
        "ok": 1153,
        "ko": 0
    },
    "group1": {
    "name": "t < 800 ms",
    "count": 0,
    "percentage": 0
},
    "group2": {
    "name": "800 ms < t < 1200 ms",
    "count": 70296,
    "percentage": 99
},
    "group3": {
    "name": "t > 1200 ms",
    "count": 500,
    "percentage": 1
},
    "group4": {
    "name": "failed",
    "count": 0,
    "percentage": 0
},
    "meanNumberOfRequestsPerSecond": {
        "total": 388.989010989011,
        "ok": 388.989010989011,
        "ko": 0
    }
},
"contents": {
"req_get-http---loca-ec05c": {
        "type": "REQUEST",
        "name": "GET http://localhost:8081",
"path": "GET http://localhost:8081",
"pathFormatted": "req_get-http---loca-ec05c",
"stats": {
    "name": "GET http://localhost:8081",
    "numberOfRequests": {
        "total": 70796,
        "ok": 70796,
        "ko": 0
    },
    "minResponseTime": {
        "total": 1001,
        "ok": 1001,
        "ko": 0
    },
    "maxResponseTime": {
        "total": 2149,
        "ok": 2149,
        "ko": 0
    },
    "meanResponseTime": {
        "total": 1017,
        "ok": 1017,
        "ko": 0
    },
    "standardDeviation": {
        "total": 57,
        "ok": 57,
        "ko": 0
    },
    "percentiles1": {
        "total": 1008,
        "ok": 1008,
        "ko": 0
    },
    "percentiles2": {
        "total": 1014,
        "ok": 1014,
        "ko": 0
    },
    "percentiles3": {
        "total": 1040,
        "ok": 1040,
        "ko": 0
    },
    "percentiles4": {
        "total": 1153,
        "ok": 1153,
        "ko": 0
    },
    "group1": {
    "name": "t < 800 ms",
    "count": 0,
    "percentage": 0
},
    "group2": {
    "name": "800 ms < t < 1200 ms",
    "count": 70296,
    "percentage": 99
},
    "group3": {
    "name": "t > 1200 ms",
    "count": 500,
    "percentage": 1
},
    "group4": {
    "name": "failed",
    "count": 0,
    "percentage": 0
},
    "meanNumberOfRequestsPerSecond": {
        "total": 388.989010989011,
        "ok": 388.989010989011,
        "ko": 0
    }
}
    }
}

}