{
    "name": "Global Information",
    "numberOfRequests": {
        "total": 69660,
        "ok": 69660,
        "ko": 0
    },
    "minResponseTime": {
        "total": 1114,
        "ok": 1114,
        "ko": 0
    },
    "maxResponseTime": {
        "total": 3144,
        "ok": 3144,
        "ko": 0
    },
    "meanResponseTime": {
        "total": 2069,
        "ok": 2069,
        "ko": 0
    },
    "standardDeviation": {
        "total": 265,
        "ok": 265,
        "ko": 0
    },
    "percentiles1": {
        "total": 2114,
        "ok": 2114,
        "ko": 0
    },
    "percentiles2": {
        "total": 2227,
        "ok": 2227,
        "ko": 0
    },
    "percentiles3": {
        "total": 2415,
        "ok": 2415,
        "ko": 0
    },
    "percentiles4": {
        "total": 2610,
        "ok": 2610,
        "ko": 0
    },
    "group1": {
    "name": "t < 800 ms",
    "count": 0,
    "percentage": 0
},
    "group2": {
    "name": "800 ms < t < 1200 ms",
    "count": 210,
    "percentage": 0
},
    "group3": {
    "name": "t > 1200 ms",
    "count": 69450,
    "percentage": 100
},
    "group4": {
    "name": "failed",
    "count": 0,
    "percentage": 0
},
    "meanNumberOfRequestsPerSecond": {
        "total": 384.8618784530387,
        "ok": 384.8618784530387,
        "ko": 0
    }
}