{
    "name": "Global Information",
    "numberOfRequests": {
        "total": 89950,
        "ok": 89950,
        "ko": 0
    },
    "minResponseTime": {
        "total": 1011,
        "ok": 1011,
        "ko": 0
    },
    "maxResponseTime": {
        "total": 2166,
        "ok": 2166,
        "ko": 0
    },
    "meanResponseTime": {
        "total": 1805,
        "ok": 1805,
        "ko": 0
    },
    "standardDeviation": {
        "total": 80,
        "ok": 80,
        "ko": 0
    },
    "percentiles1": {
        "total": 1818,
        "ok": 1818,
        "ko": 0
    },
    "percentiles2": {
        "total": 1855,
        "ok": 1855,
        "ko": 0
    },
    "percentiles3": {
        "total": 1888,
        "ok": 1888,
        "ko": 0
    },
    "percentiles4": {
        "total": 1931,
        "ok": 1931,
        "ko": 0
    },
    "group1": {
    "name": "t < 800 ms",
    "count": 0,
    "percentage": 0
},
    "group2": {
    "name": "800 ms < t < 1200 ms",
    "count": 459,
    "percentage": 1
},
    "group3": {
    "name": "t > 1200 ms",
    "count": 89491,
    "percentage": 99
},
    "group4": {
    "name": "failed",
    "count": 0,
    "percentage": 0
},
    "meanNumberOfRequestsPerSecond": {
        "total": 494.2307692307692,
        "ok": 494.2307692307692,
        "ko": 0
    }
}