{
  "type": "GROUP",
"name": "Global Information",
"path": "",
"pathFormatted": "group_missing-name-b06d1",
"stats": {
    "name": "Global Information",
    "numberOfRequests": {
        "total": 137338,
        "ok": 137338,
        "ko": 0
    },
    "minResponseTime": {
        "total": 1002,
        "ok": 1002,
        "ko": 0
    },
    "maxResponseTime": {
        "total": 2340,
        "ok": 2340,
        "ko": 0
    },
    "meanResponseTime": {
        "total": 1049,
        "ok": 1049,
        "ko": 0
    },
    "standardDeviation": {
        "total": 86,
        "ok": 86,
        "ko": 0
    },
    "percentiles1": {
        "total": 1025,
        "ok": 1025,
        "ko": 0
    },
    "percentiles2": {
        "total": 1053,
        "ok": 1053,
        "ko": 0
    },
    "percentiles3": {
        "total": 1158,
        "ok": 1158,
        "ko": 0
    },
    "percentiles4": {
        "total": 1351,
        "ok": 1351,
        "ko": 0
    },
    "group1": {
    "name": "t < 800 ms",
    "count": 0,
    "percentage": 0
},
    "group2": {
    "name": "800 ms < t < 1200 ms",
    "count": 133103,
    "percentage": 97
},
    "group3": {
    "name": "t > 1200 ms",
    "count": 4235,
    "percentage": 3
},
    "group4": {
    "name": "failed",
    "count": 0,
    "percentage": 0
},
    "meanNumberOfRequestsPerSecond": {
        "total": 754.6043956043956,
        "ok": 754.6043956043956,
        "ko": 0
    }
},
"contents": {
"req_get-http---loca-ec05c": {
        "type": "REQUEST",
        "name": "GET http://localhost:8081",
"path": "GET http://localhost:8081",
"pathFormatted": "req_get-http---loca-ec05c",
"stats": {
    "name": "GET http://localhost:8081",
    "numberOfRequests": {
        "total": 137338,
        "ok": 137338,
        "ko": 0
    },
    "minResponseTime": {
        "total": 1002,
        "ok": 1002,
        "ko": 0
    },
    "maxResponseTime": {
        "total": 2340,
        "ok": 2340,
        "ko": 0
    },
    "meanResponseTime": {
        "total": 1049,
        "ok": 1049,
        "ko": 0
    },
    "standardDeviation": {
        "total": 86,
        "ok": 86,
        "ko": 0
    },
    "percentiles1": {
        "total": 1025,
        "ok": 1025,
        "ko": 0
    },
    "percentiles2": {
        "total": 1053,
        "ok": 1053,
        "ko": 0
    },
    "percentiles3": {
        "total": 1158,
        "ok": 1158,
        "ko": 0
    },
    "percentiles4": {
        "total": 1351,
        "ok": 1351,
        "ko": 0
    },
    "group1": {
    "name": "t < 800 ms",
    "count": 0,
    "percentage": 0
},
    "group2": {
    "name": "800 ms < t < 1200 ms",
    "count": 133103,
    "percentage": 97
},
    "group3": {
    "name": "t > 1200 ms",
    "count": 4235,
    "percentage": 3
},
    "group4": {
    "name": "failed",
    "count": 0,
    "percentage": 0
},
    "meanNumberOfRequestsPerSecond": {
        "total": 754.6043956043956,
        "ok": 754.6043956043956,
        "ko": 0
    }
}
    }
}

}