{
  "type": "GROUP",
"name": "Global Information",
"path": "",
"pathFormatted": "group_missing-name-b06d1",
"stats": {
    "name": "Global Information",
    "numberOfRequests": {
        "total": 17866,
        "ok": 17866,
        "ko": 0
    },
    "minResponseTime": {
        "total": 1002,
        "ok": 1002,
        "ko": 0
    },
    "maxResponseTime": {
        "total": 1049,
        "ok": 1049,
        "ko": 0
    },
    "meanResponseTime": {
        "total": 1007,
        "ok": 1007,
        "ko": 0
    },
    "standardDeviation": {
        "total": 3,
        "ok": 3,
        "ko": 0
    },
    "percentiles1": {
        "total": 1007,
        "ok": 1007,
        "ko": 0
    },
    "percentiles2": {
        "total": 1008,
        "ok": 1008,
        "ko": 0
    },
    "percentiles3": {
        "total": 1012,
        "ok": 1012,
        "ko": 0
    },
    "percentiles4": {
        "total": 1017,
        "ok": 1017,
        "ko": 0
    },
    "group1": {
    "name": "t < 800 ms",
    "count": 0,
    "percentage": 0
},
    "group2": {
    "name": "800 ms < t < 1200 ms",
    "count": 17866,
    "percentage": 100
},
    "group3": {
    "name": "t > 1200 ms",
    "count": 0,
    "percentage": 0
},
    "group4": {
    "name": "failed",
    "count": 0,
    "percentage": 0
},
    "meanNumberOfRequestsPerSecond": {
        "total": 98.70718232044199,
        "ok": 98.70718232044199,
        "ko": 0
    }
},
"contents": {
"req_get-http---loca-abe62": {
        "type": "REQUEST",
        "name": "GET http://localhost:8082",
"path": "GET http://localhost:8082",
"pathFormatted": "req_get-http---loca-abe62",
"stats": {
    "name": "GET http://localhost:8082",
    "numberOfRequests": {
        "total": 17866,
        "ok": 17866,
        "ko": 0
    },
    "minResponseTime": {
        "total": 1002,
        "ok": 1002,
        "ko": 0
    },
    "maxResponseTime": {
        "total": 1049,
        "ok": 1049,
        "ko": 0
    },
    "meanResponseTime": {
        "total": 1007,
        "ok": 1007,
        "ko": 0
    },
    "standardDeviation": {
        "total": 3,
        "ok": 3,
        "ko": 0
    },
    "percentiles1": {
        "total": 1007,
        "ok": 1007,
        "ko": 0
    },
    "percentiles2": {
        "total": 1008,
        "ok": 1008,
        "ko": 0
    },
    "percentiles3": {
        "total": 1012,
        "ok": 1012,
        "ko": 0
    },
    "percentiles4": {
        "total": 1017,
        "ok": 1017,
        "ko": 0
    },
    "group1": {
    "name": "t < 800 ms",
    "count": 0,
    "percentage": 0
},
    "group2": {
    "name": "800 ms < t < 1200 ms",
    "count": 17866,
    "percentage": 100
},
    "group3": {
    "name": "t > 1200 ms",
    "count": 0,
    "percentage": 0
},
    "group4": {
    "name": "failed",
    "count": 0,
    "percentage": 0
},
    "meanNumberOfRequestsPerSecond": {
        "total": 98.70718232044199,
        "ok": 98.70718232044199,
        "ko": 0
    }
}
    }
}

}